,ARSON,BURGLARY,COUNTY,FAMILY,GANG,INSTITUTIONAL,MULT_VICTIMS,RAPE,ROBBERY,SNIPER,YEAR
0,0,2,37,28,0,1,9,0,10,0,2015
1,0,2,37,24,0,0,8,0,5,0,2014
2,2,2,37,28,0,0,8,0,2,0,2013
3,1,0,37,27,1,0,18,1,9,0,2012
4,0,0,37,28,0,2,12,0,4,0,2011
5,0,0,37,25,0,2,11,0,3,0,2010
6,0,1,37,39,0,0,14,0,10,0,2009
7,0,0,37,29,0,0,7,1,11,0,2008
8,0,0,37,21,0,0,11,1,15,0,2007
9,1,2,37,26,0,0,42,0,30,0,2006
10,1,3, ,104,60,1,138,3,77,0,2015
11,1,2, ,108,57,2,83,0,100,0,2014
12,0,1, ,106,23,4,108,0,70,1,2013
13,1,3, ,97,37,2,97,0,73,0,2012
14,0,4, ,127,24,1,66,0,124,1,2011
15,1,7, ,121,50,1,117,1,115,0,2010
16,0,5, ,101,49,1,102,0,87,1,2009
17,0,0, ,109,34,4,91,0,123,0,2008
18,0,8, ,80,3,2,76,0,97,0,2007
19,0,0, ,91,3,0,96,0,116,0,2006
20,0,11,2,55,9,0,32,0,18,0,2015
21,1,10,2,50,15,0,40,2,37,0,2014
22,0,3,2,49,2,0,48,0,15,0,2013
23,2,3,2,48,7,0,29,0,31,0,2012
24,1,3,2,38,4,1,38,0,36,0,2011
25,0,2,2,58,3,0,30,1,37,0,2010
26,0,15,2,54,5,9,48,0,42,0,2009
27,0,3,2,54,0,5,41,0,33,0,2008
28,1,2,2,55,8,2,36,0,51,0,2007
29,3,1,2,57,1,7,48,0,31,0,2006
30,0,0,3,28,0,1,18,0,14,0,2015
31,0,1,3,22,0,0,14,0,2,0,2014
32,1,2,3,29,7,0,13,0,8,0,2013
33,0,1,3,17,0,0,15,0,7,0,2012
34,0,1,3,23,0,0,21,1,2,0,2011
35,0,3,3,25,1,0,16,0,4,0,2010
36,0,0,3,22,1,0,20,0,16,0,2009
37,0,0,3,28,0,0,11,0,9,0,2008
38,0,3,3,23,0,0,12,0,6,0,2007
39,0,4,3,32,0,2,16,0,11,0,2006
40,1,0,4,17,0,0,14,1,5,0,2015
41,0,3,4,15,0,0,13,0,2,0,2014
42,0,0,4,17,1,0,18,0,9,0,2013
43,0,5,4,18,2,0,24,2,3,0,2012
44,0,1,4,23,0,0,14,0,10,0,2011
45,0,0,4,21,1,0,14,0,13,0,2010
46,0,3,4,24,1,0,14,0,14,0,2009
47,0,1,4,27,1,0,8,0,14,0,2008
48,0,0,4,14,0,0,7,1,7,0,2007
49,0,0,4,18,0,0,12,0,6,0,2006
50,1,0,5,17,1,0,12,0,5,0,2015
51,0,1,5,13,1,0,7,0,6,0,2014
52,0,2,5,14,2,0,4,0,4,0,2013
53,0,0,5,14,1,0,11,0,10,0,2012
54,0,0,5,18,0,0,11,0,4,0,2011
55,0,0,5,14,1,0,8,0,8,0,2010
56,0,0,5,12,1,0,10,0,10,0,2009
57,0,1,5,7,0,0,15,0,7,0,2008
58,0,0,5,10,2,0,4,1,6,1,2007
59,0,0,5,12,0,0,4,0,4,0,2006
60,0,4,7,55,8,0,40,0,15,1,2015
61,1,11,7,47,4,2,32,1,22,0,2014
62,0,4,7,43,3,2,44,0,44,0,2013
63,1,2,7,53,2,0,27,0,28,1,2012
64,2,3,7,56,4,0,49,1,25,0,2011
65,1,1,7,58,1,0,47,0,34,0,2010
66,1,4,7,54,8,1,52,0,31,0,2009
67,7,11,7,50,5,0,41,0,26,0,2008
68,1,1,7,62,5,0,62,0,53,0,2007
69,0,1,7,39,7,1,59,1,68,0,2006
70,0,7,8,17,0,0,6,0,1,0,2015
71,0,0,8,13,0,0,7,0,5,0,2014
72,0,0,8,12,0,1,7,0,5,0,2013
73,0,0,8,17,1,0,9,0,3,0,2012
74,0,0,8,11,0,0,5,0,6,0,2011
75,0,0,8,15,1,1,11,0,0,0,2010
76,0,2,8,16,0,0,12,0,9,0,2009
77,1,5,8,9,0,0,9,1,1,0,2008
78,0,2,8,18,0,0,11,0,7,0,2007
79,0,2,8,25,0,0,8,0,12,0,2006
80,0,0,9,19,0,0,8,1,5,0,2015
81,0,0,9,20,0,0,10,0,7,0,2014
82,0,2,9,17,4,0,16,0,9,0,2013
83,0,1,9,15,7,0,10,0,16,0,2012
84,0,2,9,26,0,0,13,0,6,0,2011
85,1,0,9,26,4,0,15,0,18,0,2010
86,0,2,9,13,2,0,17,0,20,0,2009
87,0,0,9,18,11,0,15,0,26,0,2008
88,1,0,9,20,0,0,17,0,12,0,2007
89,0,0,9,32,3,0,20,1,19,0,2006
90,0,2,10,38,3,0,19,0,9,0,2015
91,0,3,10,21,5,1,31,0,10,0,2014
92,0,1,10,25,13,2,27,0,2,0,2013
93,0,0,10,28,4,1,25,0,8,0,2012
94,1,2,10,27,21,0,16,0,7,0,2011
95,0,2,10,23,3,0,25,0,17,0,2010
96,0,0,10,26,0,0,22,0,20,0,2009
97,0,2,10,29,0,1,27,5,15,0,2008
98,1,3,10,30,1,0,29,1,10,0,2007
99,0,9,10,30,1,0,25,3,43,0,2006
100,0,2,11,24,4,1,17,0,9,0,2015
101,0,0,11,19,4,1,12,0,6,0,2014
102,0,2,11,21,5,1,12,0,10,0,2013
103,0,0,11,20,0,0,10,0,8,0,2012
104,0,0,11,16,0,0,16,0,10,0,2011
105,0,3,11,16,7,1,13,0,11,0,2010
106,0,2,11,26,7,0,7,0,12,0,2009
107,0,0,11,21,0,0,9,0,15,0,2008
108,1,0,11,13,2,0,11,0,14,0,2007
109,0,0,11,20,2,1,7,0,14,0,2006
110,0,0,13,11,0,0,5,0,4,0,2015
111,0,0,13,15,0,0,11,0,6,0,2014
112,1,0,13,13,5,0,9,0,8,0,2013
113,0,0,13,20,1,1,15,0,7,0,2012
114,0,1,13,22,7,0,24,1,4,0,2011
115,0,0,13,19,5,0,11,0,8,0,2010
116,0,0,13,13,2,0,12,0,0,0,2009
117,0,1,13,15,0,0,14,0,12,0,2008
118,0,0,13,13,1,0,12,0,8,0,2007
119,0,0,13,15,1,0,18,0,7,0,2006
120,0,2,14,24,4,0,11,0,1,0,2015
121,0,6,14,15,0,0,5,0,1,0,2014
122,1,2,14,16,0,0,17,0,2,0,2013
123,0,4,14,15,1,0,4,0,7,0,2012
124,0,3,14,23,4,0,22,1,11,0,2011
125,0,0,14,25,3,0,18,0,2,0,2010
126,0,0,14,15,8,0,10,1,6,0,2009
127,0,0,14,12,0,0,5,0,2,0,2008
128,0,1,14,18,0,0,21,0,1,0,2007
129,0,7,14,18,1,0,8,0,5,0,2006
130,0,0,12,9,0,0,9,0,8,0,2015
131,0,0,12,8,0,0,9,0,2,0,2014
132,0,0,12,7,6,0,10,0,0,0,2013
133,0,0,12,5,1,0,3,0,4,0,2012
134,0,4,12,11,0,0,10,0,7,0,2011
135,0,1,12,9,5,0,7,1,3,0,2010
136,0,0,12,5,1,0,7,1,5,0,2009
137,0,1,12,13,0,0,5,0,3,0,2008
138,0,0,12,13,0,0,11,0,1,0,2007
139,0,0,12,10,0,0,7,0,8,0,2006
140,1,2,15,38,12,0,25,1,24,0,2015
141,0,0,15,39,10,1,34,0,20,0,2014
142,0,3,15,40,10,1,29,0,15,0,2013
143,0,1,15,32,7,0,30,0,8,0,2012
144,0,3,15,36,5,0,21,0,20,0,2011
145,1,1,15,32,6,0,38,1,21,0,2010
146,0,6,15,35,20,0,29,0,21,0,2009
147,0,2,15,29,4,0,30,0,16,0,2008
148,0,9,15,28,0,0,29,2,22,0,2007
149,0,2,15,42,2,0,24,0,29,0,2006
150,0,4,16,48,3,6,54,0,39,0,2015
151,4,3,16,32,6,0,42,0,50,0,2014
152,0,1,16,37,15,0,50,2,60,0,2013
153,0,0,16,56,7,1,58,2,59,0,2012
154,0,1,16,36,3,0,44,2,87,0,2011
155,1,1,16,37,0,1,53,4,50,0,2010
156,1,4,16,53,4,0,52,3,40,0,2009
157,1,3,16,39,1,0,63,3,66,0,2008
158,3,5,16,54,2,1,45,1,64,0,2007
159,1,2,16,37,16,2,47,4,73,0,2006
160,0,0,17,18,0,0,25,0,12,0,2015
161,0,3,17,18,0,0,23,0,13,0,2014
162,1,1,17,19,1,0,16,0,11,0,2013
163,0,3,17,23,2,0,13,0,17,0,2012
164,1,1,17,17,1,1,13,0,7,0,2011
165,0,0,17,23,1,0,10,0,13,0,2010
166,1,6,17,20,7,0,11,1,11,0,2009
167,0,0,17,24,2,0,17,0,14,0,2008
168,0,3,17,26,2,1,17,0,21,0,2007
169,1,1,17,19,3,0,15,0,12,0,2006
170,0,6,18,23,1,2,27,0,23,0,2015
171,0,11,18,26,4,1,14,0,1,0,2014
172,0,4,18,20,6,0,14,1,3,0,2013
173,1,3,18,26,0,0,34,0,4,0,2012
174,0,6,18,26,4,1,27,0,15,0,2011
175,0,2,18,26,4,0,22,2,11,0,2010
176,1,3,18,28,6,0,33,3,17,0,2009
177,0,7,18,19,0,0,18,1,13,0,2008
178,0,1,18,26,3,0,30,1,9,0,2007
179,0,0,18,18,2,0,19,1,8,0,2006
180,4,2,19,66,0,3,32,0,19,0,2015
181,2,0,19,51,0,2,41,1,28,0,2014
182,2,0,19,48,1,0,42,1,41,0,2013
183,2,2,19,48,6,2,45,0,26,0,2012
184,1,1,19,50,7,2,53,0,32,0,2011
185,0,4,19,59,2,2,50,0,19,0,2010
186,1,2,19,59,2,1,65,1,40,0,2009
187,3,0,19,53,0,1,64,0,35,0,2008
188,3,1,19,60,0,3,69,0,38,0,2007
189,0,4,19,61,1,6,62,0,42,0,2006
190,0,1,21,18,1,0,17,0,4,0,2015
191,0,2,21,13,1,0,8,0,4,0,2014
192,0,1,21,21,0,0,10,0,0,0,2013
193,0,8,21,11,0,0,7,0,8,0,2012
194,0,0,21,15,2,0,22,0,3,0,2011
195,0,0,21,13,1,0,7,0,8,0,2010
196,0,1,21,15,0,0,12,0,2,0,2009
197,0,1,21,13,1,0,16,0,12,0,2008
198,3,1,21,21,12,0,16,0,18,0,2007
199,0,0,21,13,0,1,7,0,15,0,2006
200,0,0,22,9,0,0,11,0,3,0,2015
201,0,0,22,9,0,0,7,0,8,0,2014
202,0,0,22,8,0,0,3,0,6,0,2013
203,0,2,22,12,4,0,2,0,10,0,2012
204,0,0,22,5,0,0,2,0,7,0,2011
205,0,0,22,6,0,0,2,0,11,0,2010
206,0,1,22,9,0,0,8,0,7,0,2009
207,1,1,22,5,0,0,10,0,4,0,2008
208,0,0,22,13,0,0,5,0,12,0,2007
209,1,1,22,12,0,0,3,0,14,0,2006
210,1,2,23,13,0,0,11,0,15,0,2015
211,0,0,23,23,0,0,8,2,2,0,2014
212,1,0,23,15,0,1,4,1,14,0,2013
213,1,1,23,12,0,0,15,0,3,0,2012
214,0,1,23,15,0,0,9,0,8,0,2011
215,0,8,23,16,0,0,6,0,6,0,2010
216,0,1,23,19,3,0,10,0,6,0,2009
217,1,4,23,14,0,0,21,0,5,0,2008
218,1,0,23,12,0,0,18,0,4,0,2007
219,0,2,23,17,0,0,15,1,8,0,2006
220,0,0,24,10,1,4,16,0,4,0,2015
221,0,1,24,10,5,0,13,0,1,0,2014
222,0,1,24,13,4,0,15,1,6,0,2013
223,0,0,24,13,2,0,7,0,4,0,2012
224,0,1,24,21,0,0,18,0,4,0,2011
225,1,2,24,16,0,0,8,0,2,0,2010
226,0,0,24,6,5,0,12,0,5,0,2009
227,0,0,24,8,0,0,11,0,0,0,2008
228,1,0,24,11,0,1,7,0,8,0,2007
229,2,4,24,13,0,0,12,1,3,0,2006
230,0,0,26,17,1,0,21,0,12,0,2015
231,0,0,26,20,1,2,24,0,6,0,2014
232,1,0,26,13,2,0,18,0,9,0,2013
233,0,0,26,18,1,0,17,1,8,0,2012
234,0,0,26,14,5,0,32,0,9,0,2011
235,0,9,26,25,1,0,13,1,19,0,2010
236,0,2,26,20,1,0,20,0,7,0,2009
237,0,0,26,18,0,0,25,0,31,0,2008
238,0,0,26,25,1,0,10,0,7,0,2007
239,0,2,26,20,1,0,22,1,12,0,2006
240,0,0,28,13,17,0,18,1,24,0,2015
241,1,0,28,17,0,0,18,1,7,0,2014
242,1,0,28,20,0,0,16,2,15,0,2013
243,1,0,28,11,10,0,13,0,8,0,2012
244,1,0,28,16,10,0,9,0,17,0,2011
245,0,3,28,20,6,0,12,0,15,0,2010
246,0,4,28,21,5,0,10,0,18,0,2009
247,1,0,28,10,0,0,12,0,8,0,2008
248,0,1,28,16,0,0,7,0,15,0,2007
249,0,3,28,11,0,0,7,0,9,0,2006
250,0,0,29,5,4,0,6,0,6,0,2015
251,0,0,29,11,0,0,2,1,1,0,2014
252,0,1,29,4,0,0,20,0,5,0,2013
253,0,0,29,6,0,0,13,0,10,0,2012
254,0,0,29,5,0,0,6,0,9,0,2011
255,0,1,29,7,0,0,3,4,1,0,2010
256,0,0,29,7,0,0,13,0,5,0,2009
257,0,6,29,10,2,0,6,1,1,0,2008
258,0,0,29,10,0,0,9,0,1,0,2007
259,0,0,29,5,0,0,2,0,3,0,2006
260,0,0,32,19,3,0,5,1,11,0,2015
261,0,2,32,12,2,0,5,2,1,0,2014
262,0,1,32,20,3,0,6,0,2,0,2013
263,0,0,32,11,3,0,10,0,1,0,2012
264,0,0,32,12,2,0,11,0,11,0,2011
265,0,0,32,14,0,1,10,0,4,0,2010
266,0,0,32,17,5,0,5,0,2,0,2009
267,0,1,32,17,2,0,9,0,5,0,2008
268,2,0,32,8,0,2,7,0,6,0,2007
269,0,0,32,12,6,0,6,0,8,0,2006
270,0,5,34,25,0,1,15,0,15,0,2015
271,2,0,34,29,0,1,11,0,30,0,2014
272,2,5,34,21,1,0,19,0,15,0,2013
273,1,0,34,19,2,0,14,0,11,0,2012
274,0,0,34,24,0,1,16,1,13,0,2011
275,0,1,34,18,1,0,21,0,26,0,2010
276,0,2,34,26,2,1,17,0,15,0,2009
277,0,2,34,15,0,1,27,0,10,0,2008
278,1,0,34,26,1,0,22,3,5,0,2007
279,0,0,34,22,0,0,11,1,30,0,2006
280,0,2,35,11,0,0,0,0,5,0,2015
281,0,2,35,4,0,0,7,0,1,0,2014
282,0,0,35,7,0,0,5,0,0,0,2013
283,0,1,35,10,0,0,5,0,4,0,2012
284,0,0,35,8,0,0,3,0,1,0,2011
285,0,0,35,9,0,0,6,3,8,0,2010
286,0,0,35,9,3,0,6,0,0,0,2009
287,0,1,35,11,0,0,8,0,3,0,2008
288,0,0,35,4,0,0,8,0,4,0,2007
289,0,0,35,4,2,0,6,0,2,0,2006
290,0,0,36,32,5,3,53,0,30,0,2015
291,0,5,36,32,0,0,33,1,19,0,2014
292,1,1,36,31,1,0,34,0,17,1,2013
293,0,2,36,27,0,0,43,1,24,0,2012
294,1,2,36,42,7,0,40,3,27,0,2011
295,1,2,36,25,4,1,43,2,29,0,2010
296,0,0,36,43,1,0,39,0,32,0,2009
297,0,6,36,32,4,0,17,0,20,0,2008
298,0,0,36,32,0,0,34,3,34,0,2007
299,1,0,36,27,1,1,30,0,24,1,2006
300,3,6,42,16,0,0,13,0,0,0,2015
301,1,0,42,7,0,0,15,0,0,0,2014
302,0,0,42,3,0,0,1,0,4,0,2013
303,0,0,42,13,0,0,6,0,3,0,2012
304,0,0,42,10,0,0,4,0,10,0,2011
305,0,0,42,10,1,0,4,0,3,0,2010
306,0,1,42,9,0,0,20,0,0,0,2009
307,0,1,42,13,0,0,4,0,3,0,2008
308,0,0,42,14,1,0,3,0,5,0,2007
309,0,2,42,6,0,0,2,0,3,0,2006
310,0,0,43,21,0,3,4,0,16,0,2015
311,0,0,43,9,0,0,4,0,0,0,2014
312,1,0,43,22,0,0,10,0,2,0,2013
313,0,0,43,14,0,0,6,0,4,0,2012
314,0,0,43,14,0,0,11,0,5,0,2011
315,0,0,43,11,0,0,13,0,2,0,2010
316,1,0,43,9,0,0,13,0,4,0,2009
317,0,4,43,11,0,4,8,0,5,0,2008
318,0,0,43,11,0,0,13,0,5,0,2007
319,0,0,43,19,0,1,6,1,6,0,2006
320,0,0,44,13,0,0,5,0,20,0,2015
321,0,2,44,11,0,0,15,0,24,0,2014
322,0,1,44,13,0,0,9,1,24,0,2013
323,0,0,44,12,7,0,7,0,19,0,2012
324,0,1,44,17,5,0,11,0,35,0,2011
325,0,0,44,19,0,0,13,0,36,0,2010
326,0,1,44,13,0,0,8,1,21,0,2009
327,0,1,44,13,12,0,11,0,50,0,2008
328,0,0,44,16,2,0,9,0,20,0,2007
329,0,1,44,12,2,0,5,0,37,0,2006
330,0,0,46,5,0,0,13,0,6,0,2015
331,0,0,46,18,0,0,16,0,8,0,2014
332,0,0,46,14,1,0,10,0,9,0,2013
333,0,0,46,17,0,0,6,0,8,0,2012
334,0,0,46,14,0,0,8,0,7,0,2011
335,0,1,46,12,0,3,3,0,7,0,2010
336,0,0,46,8,2,0,5,0,6,0,2009
337,0,0,46,16,0,0,6,0,9,0,2008
338,0,0,46,4,2,0,3,0,5,0,2007
339,1,3,46,12,0,0,3,0,6,0,2006
340,0,1,47,14,0,0,6,0,5,0,2015
341,0,0,47,4,0,0,5,0,6,0,2014
342,0,2,47,6,0,0,6,0,3,0,2013
343,0,0,47,8,0,0,9,0,7,0,2012
344,0,0,47,9,0,0,16,0,4,0,2011
345,0,0,47,10,0,0,9,0,12,0,2010
346,0,3,47,7,1,0,5,0,9,0,2009
347,0,2,47,12,0,0,6,0,14,0,2008
348,0,0,47,16,0,0,9,0,4,0,2007
349,0,0,47,20,0,0,6,0,10,0,2006
350,0,0,54,9,1,0,14,1,5,0,2015
351,1,1,54,11,0,0,21,0,6,0,2014
352,0,1,54,10,8,0,5,0,3,0,2013
353,1,0,54,8,0,0,10,0,3,0,2012
354,0,0,54,7,0,0,11,0,1,0,2011
355,0,0,54,9,1,0,2,0,7,0,2010
356,0,2,54,9,0,0,4,0,1,0,2009
357,0,0,54,7,0,1,10,0,3,0,2008
358,0,0,54,6,0,0,8,0,0,0,2007
359,0,0,54,4,0,0,9,0,4,0,2006
360,0,0,58,8,0,0,7,0,2,0,2015
361,0,0,58,3,0,0,1,0,0,0,2014
362,0,0,58,8,0,0,1,0,0,0,2013
363,0,0,58,5,0,0,4,0,0,0,2012
364,0,0,58,2,0,0,2,0,3,0,2011
365,0,2,58,2,0,0,0,0,4,0,2010
366,0,1,58,7,0,0,3,0,0,0,2009
367,0,0,58,6,0,0,5,0,0,0,2008
368,0,0,58,2,0,0,1,0,0,0,2007
369,0,0,58,7,0,0,5,0,0,0,2006
370,0,1,60,24,1,0,30,0,8,1,2015
371,0,0,60,26,1,0,25,0,11,0,2014
372,0,4,60,21,1,0,19,1,23,0,2013
373,0,3,60,21,1,0,24,0,24,0,2012
374,0,0,60,30,0,0,40,0,31,0,2011
375,0,1,60,31,11,0,30,1,41,0,2010
376,0,2,60,27,4,0,15,0,44,0,2009
377,0,3,60,31,0,0,33,2,47,0,2008
378,0,2,60,29,3,0,30,0,49,0,2007
379,0,3,60,26,7,0,23,0,67,0,2006
380,0,0,61,11,4,0,4,0,3,0,2015
381,0,3,61,6,0,0,6,0,0,0,2014
382,0,0,61,6,0,1,4,0,0,0,2013
383,0,0,61,4,0,0,0,0,1,0,2012
384,0,1,61,8,0,0,1,0,1,0,2011
385,0,0,61,7,2,0,5,0,2,0,2010
386,0,0,61,9,0,0,4,0,3,0,2009
387,0,0,61,9,1,0,3,0,0,0,2008
388,0,0,61,7,0,0,10,0,1,0,2007
389,0,0,61,7,0,0,4,1,0,0,2006
390,0,0,63,13,0,0,11,0,7,0,2015
391,0,2,63,14,0,0,5,0,4,0,2014
392,0,0,63,11,0,0,5,0,3,0,2013
393,0,3,63,13,0,0,12,0,5,0,2012
394,0,2,63,11,0,0,8,0,4,0,2011
395,1,0,63,13,0,0,7,0,3,0,2010
396,0,2,63,18,1,0,7,0,14,0,2009
397,0,0,63,10,3,0,16,0,7,0,2008
398,0,0,63,14,0,0,12,0,1,0,2007
399,0,0,63,16,0,0,1,0,6,0,2006
400,0,0,64,5,0,0,1,0,0,0,2015
401,0,0,64,4,1,0,6,0,1,0,2014
402,1,0,64,5,0,0,3,0,2,0,2013
403,0,0,64,8,0,0,3,0,0,0,2012
404,0,0,64,3,1,0,4,0,8,0,2011
405,1,0,64,6,0,0,1,0,3,0,2010
406,0,0,64,6,0,0,3,0,4,0,2009
407,0,0,64,6,0,0,2,0,2,0,2008
408,0,2,64,3,0,0,5,0,0,0,2007
409,0,0,64,4,0,1,5,0,4,0,2006
410,0,0,66,3,0,0,2,0,0,0,2015
411,0,0,66,7,0,0,0,0,0,0,2014
412,0,0,66,0,1,0,2,0,0,0,2013
413,0,0,66,4,0,0,3,0,0,0,2012
414,0,0,66,4,0,0,2,0,0,0,2011
415,0,0,66,2,0,0,4,0,0,0,2010
416,1,0,66,2,0,0,1,0,0,0,2009
417,0,0,66,2,0,0,5,0,0,0,2008
418,0,0,66,3,0,0,5,0,0,0,2007
419,0,1,66,6,0,0,5,0,0,0,2006
420,0,2,70,4,0,0,6,0,0,0,2015
421,0,0,70,8,1,0,2,0,0,0,2014
422,0,0,70,6,4,0,2,0,4,0,2013
423,0,0,70,4,1,0,5,0,0,0,2012
424,0,0,70,2,0,0,3,0,0,0,2011
425,0,0,70,4,0,0,1,0,5,0,2010
426,0,0,70,4,0,0,4,0,1,0,2009
427,0,1,70,7,0,0,2,0,1,0,2008
428,0,0,70,3,0,0,4,0,2,0,2007
429,0,0,70,7,0,0,4,0,4,0,2006
430,0,2,72,8,9,0,8,0,25,0,2015
431,0,0,72,11,3,0,7,0,4,0,2014
432,0,0,72,10,1,0,12,0,11,0,2013
433,0,5,72,18,0,4,11,1,15,0,2012
434,0,0,72,7,3,0,16,0,10,0,2011
435,0,1,72,11,4,0,7,0,10,0,2010
436,0,1,72,11,9,0,13,0,9,0,2009
437,2,0,72,12,3,0,14,0,14,0,2008
438,0,0,72,15,0,0,25,1,11,0,2007
439,0,0,72,14,3,0,8,0,12,0,2006
440,0,0,73,3,0,0,4,0,1,0,2015
441,0,0,73,8,0,0,3,0,0,0,2014
442,0,0,73,4,6,0,8,0,0,0,2013
443,0,0,73,4,4,0,9,0,0,0,2012
444,0,0,73,5,3,0,3,0,1,0,2011
445,0,0,73,3,2,0,6,0,0,0,2010
446,0,0,73,10,2,0,6,0,0,0,2009
447,0,0,73,7,0,0,4,0,1,0,2008
448,0,0,73,7,0,0,7,0,1,0,2007
449,0,0,73,5,3,0,6,0,0,0,2006
450,0,2,1,33,7,2,31,0,33,0,2015
451,0,4,1,43,4,1,22,4,22,0,2014
452,0,0,1,35,0,3,26,2,25,0,2013
453,0,1,1,34,3,2,34,1,27,0,2012
454,0,1,1,24,8,4,42,1,29,0,2011
455,0,3,1,32,6,0,47,2,25,0,2010
456,0,1,1,35,1,1,18,0,25,0,2009
457,1,0,1,35,0,1,26,0,18,0,2008
458,0,0,1,32,2,0,23,1,26,0,2007
459,1,2,1,34,8,0,33,3,24,0,2006
460,0,1,20,18,1,0,7,0,9,0,2015
461,0,0,20,11,0,0,7,0,11,0,2014
462,0,0,20,13,0,0,3,0,1,0,2013
463,0,4,20,13,1,0,8,0,4,0,2012
464,0,3,20,9,0,0,4,0,11,0,2011
465,0,0,20,12,0,1,14,0,5,0,2010
466,0,0,20,18,2,0,5,0,7,0,2009
467,0,2,20,12,0,0,12,0,3,0,2008
468,0,0,20,12,0,0,10,1,8,0,2007
469,0,0,20,16,0,0,15,0,9,0,2006
470,0,1,27,22,14,0,18,1,14,0,2015
471,0,1,27,14,3,0,17,0,5,0,2014
472,0,0,27,16,0,0,24,0,12,0,2013
473,0,5,27,22,1,1,18,0,21,0,2012
474,0,3,27,24,2,0,12,0,7,0,2011
475,0,0,27,15,9,0,19,0,1,0,2010
476,0,0,27,11,2,0,30,0,7,0,2009
477,0,3,27,22,0,0,18,0,6,0,2008
478,0,1,27,27,5,0,17,0,12,0,2007
479,0,1,27,18,8,0,14,0,22,0,2006
480,0,0,30,17,2,1,9,0,8,0,2015
481,0,2,30,18,7,1,9,0,2,0,2014
482,0,0,30,23,0,0,7,1,5,0,2013
483,1,0,30,22,0,0,17,0,1,0,2012
484,0,1,30,36,1,0,19,0,5,0,2011
485,0,2,30,30,5,0,8,0,14,0,2010
486,1,1,30,37,10,0,19,0,14,0,2009
487,0,2,30,29,0,0,10,0,12,0,2008
488,0,3,30,19,0,0,20,1,26,0,2007
489,0,2,30,17,7,4,17,1,11,0,2006
490,0,2,31,23,0,0,10,0,6,0,2015
491,0,0,31,13,1,0,15,0,4,0,2014
492,0,2,31,18,0,0,17,0,13,0,2013
493,0,3,31,14,1,0,20,0,14,0,2012
494,1,1,31,16,0,0,19,1,13,0,2011
495,0,3,31,16,0,0,11,0,3,0,2010
496,0,4,31,9,0,0,15,4,6,0,2009
497,0,3,31,14,1,0,14,0,8,0,2008
498,0,2,31,27,2,0,15,0,10,0,2007
499,0,1,31,15,6,0,15,1,27,0,2006
500,0,1,33,20,10,2,17,0,11,0,2015
501,0,0,33,28,4,1,24,1,5,0,2014
502,0,2,33,36,0,1,21,0,8,0,2013
503,0,1,33,26,0,0,13,0,9,0,2012
504,0,10,33,31,0,2,15,1,6,0,2011
505,0,0,33,16,4,0,23,0,4,0,2010
506,2,0,33,18,0,0,32,0,30,0,2009
507,1,1,33,27,2,0,30,0,12,0,2008
508,0,0,33,25,0,0,19,1,8,0,2007
509,0,0,33,18,0,0,22,1,9,0,2006
510,0,0,38,13,0,0,8,0,0,0,2015
511,0,0,38,15,0,0,8,0,5,0,2014
512,0,0,38,7,1,0,3,0,2,0,2013
513,0,0,38,9,2,0,10,0,6,0,2012
514,0,0,38,7,2,0,6,0,1,0,2011
515,0,7,38,17,0,0,8,2,5,0,2010
516,0,1,38,15,0,0,3,0,9,0,2009
517,0,1,38,14,0,0,11,0,3,0,2008
518,0,3,38,13,0,0,7,0,3,0,2007
519,0,0,38,8,6,0,8,0,18,0,2006
520,0,1,39,17,3,0,13,0,7,0,2015
521,0,3,39,13,4,0,15,0,5,0,2014
522,0,3,39,25,2,0,14,1,4,0,2013
523,0,0,39,23,2,0,18,1,12,0,2012
524,0,0,39,13,6,0,14,0,9,0,2011
525,0,4,39,17,8,0,12,2,18,0,2010
526,0,0,39,17,8,0,8,0,12,0,2009
527,1,0,39,7,5,0,12,0,13,0,2008
528,1,0,39,15,5,0,16,1,0,0,2007
529,0,0,39,12,2,0,14,2,11,0,2006
530,0,1,40,14,0,0,22,0,4,0,2015
531,0,0,40,21,1,0,29,0,9,0,2014
532,0,5,40,19,9,0,18,0,13,0,2013
533,0,2,40,17,7,0,17,1,21,0,2012
534,0,9,40,26,3,0,17,0,18,0,2011
535,0,3,40,22,0,0,15,0,11,0,2010
536,0,2,40,19,1,1,12,0,10,0,2009
537,0,0,40,24,2,0,23,0,5,0,2008
538,0,10,40,22,21,0,31,0,2,0,2007
539,0,2,40,20,4,0,20,0,13,0,2006
540,0,0,41,5,0,0,12,0,0,0,2015
541,0,0,41,8,0,0,5,0,0,0,2014
542,0,0,41,14,0,0,7,0,0,0,2013
543,0,1,41,9,0,0,2,0,4,0,2012
544,0,0,41,8,0,0,19,0,1,0,2011
545,0,0,41,10,0,0,7,0,0,0,2010
546,0,2,41,10,1,0,7,0,0,0,2009
547,0,0,41,9,0,0,9,0,0,0,2008
548,0,0,41,8,0,0,15,0,1,0,2007
549,0,0,41,12,0,0,9,0,6,0,2006
550,0,0,45,8,0,0,7,0,4,0,2015
551,0,0,45,14,2,0,14,0,0,0,2014
552,0,2,45,12,0,0,16,0,5,0,2013
553,0,1,45,14,0,0,7,0,12,0,2012
554,0,0,45,14,0,0,11,0,4,0,2011
555,0,1,45,15,1,0,8,0,12,0,2010
556,0,6,45,15,1,0,13,0,16,0,2009
557,1,4,45,12,0,0,18,1,8,2,2008
558,2,2,45,13,2,0,17,1,15,0,2007
559,2,0,45,27,0,0,9,1,5,0,2006
560,1,1,48,12,0,0,31,0,4,0,2015
561,0,0,48,14,0,1,11,0,5,3,2014
562,0,5,48,17,0,0,18,0,1,0,2013
563,0,1,48,24,0,0,32,0,13,0,2012
564,0,0,48,18,0,2,26,0,11,0,2011
565,0,0,48,19,1,0,27,0,7,0,2010
566,0,2,48,18,0,0,19,0,15,0,2009
567,0,0,48,32,1,0,19,0,19,0,2008
568,1,4,48,28,1,0,19,0,21,0,2007
569,0,1,48,18,0,0,18,2,18,0,2006
570,0,0,49,14,0,0,21,0,16,1,2015
571,0,0,49,15,2,0,16,1,43,0,2014
572,0,2,49,20,2,0,9,2,42,2,2013
573,0,0,49,17,1,0,13,1,15,0,2012
574,0,0,49,9,0,0,16,0,20,0,2011
575,0,0,49,8,1,0,24,0,34,0,2010
576,0,0,49,16,0,0,6,0,30,0,2009
577,0,0,49,22,0,0,17,0,21,0,2008
578,0,0,49,23,0,0,15,0,26,0,2007
579,0,0,49,26,0,0,18,1,16,0,2006
580,0,0,50,13,0,0,13,0,5,0,2015
581,0,0,50,15,0,0,8,1,6,0,2014
582,0,0,50,15,0,0,9,0,6,0,2013
583,0,1,50,9,0,0,25,0,1,0,2012
584,0,0,50,13,0,0,7,0,5,0,2011
585,0,0,50,14,0,0,13,0,16,0,2010
586,0,1,50,15,0,0,20,0,2,0,2009
587,0,1,50,20,0,0,15,0,0,0,2008
588,0,1,50,12,0,0,33,0,2,0,2007
589,0,2,50,13,5,0,17,0,7,0,2006
590,0,0,51,23,4,0,11,0,30,0,2015
591,0,1,51,19,0,0,13,1,28,0,2014
592,0,0,51,20,0,0,14,0,41,0,2013
593,0,1,51,26,0,0,26,0,50,0,2012
594,0,2,51,25,0,0,28,0,50,0,2011
595,0,0,51,26,1,0,29,6,63,0,2010
596,0,1,51,36,0,0,14,0,43,0,2009
597,0,0,51,22,4,0,18,0,61,0,2008
598,0,1,51,33,0,0,23,0,65,0,2007
599,1,1,51,29,1,0,30,0,53,0,2006
600,0,1,52,10,0,0,10,0,1,0,2015
601,0,0,52,7,2,0,4,0,1,1,2014
602,0,2,52,5,0,0,7,0,1,0,2013
603,0,1,52,15,0,0,5,1,1,0,2012
604,0,1,52,8,0,1,7,0,4,0,2011
605,0,0,52,11,1,0,11,0,2,0,2010
606,0,2,52,13,3,0,6,0,2,0,2009
607,0,1,52,13,0,0,2,0,1,0,2008
608,0,3,52,6,0,0,9,0,4,0,2007
609,0,0,52,13,0,0,12,0,4,0,2006
610,0,0,53,3,0,0,1,0,8,0,2015
611,1,1,53,12,0,0,2,0,0,0,2014
612,0,0,53,8,0,0,6,0,2,0,2013
613,0,0,53,7,1,0,4,0,0,0,2012
614,0,0,53,6,3,0,3,0,3,0,2011
615,0,0,53,4,0,0,5,0,2,0,2010
616,0,0,53,3,2,0,4,0,2,0,2009
617,0,3,53,11,0,0,5,0,0,0,2008
618,0,0,53,6,0,0,4,0,6,0,2007
619,0,0,53,9,0,0,1,0,2,0,2006
620,0,2,56,10,1,1,9,0,20,0,2015
621,0,3,56,16,1,0,13,0,6,0,2014
622,0,1,56,14,0,0,8,0,4,0,2013
623,0,1,56,9,0,0,12,0,9,0,2012
624,0,0,56,9,0,0,12,0,3,0,2011
625,0,1,56,13,0,0,9,0,6,0,2010
626,0,0,56,18,0,0,25,0,13,0,2009
627,0,2,56,23,0,0,13,0,10,0,2008
628,0,1,56,14,1,0,12,0,14,0,2007
629,0,0,56,8,0,0,8,0,16,0,2006
630,0,0,57,30,7,1,15,0,26,0,2015
631,0,1,57,29,4,0,16,0,25,0,2014
632,0,5,57,30,0,0,27,0,47,0,2013
633,0,0,57,21,3,0,17,1,31,0,2012
634,1,4,57,24,0,0,33,0,40,0,2011
635,0,6,57,23,0,0,20,0,23,0,2010
636,0,5,57,19,0,0,35,0,52,0,2009
637,1,1,57,24,0,0,37,0,28,0,2008
638,0,0,57,26,0,0,30,0,40,0,2007
639,0,6,57,35,0,0,23,0,57,0,2006
640,1,2,59,2,0,0,2,0,0,0,2015
641,0,0,59,3,0,0,4,0,1,0,2014
642,0,1,59,3,0,0,2,0,0,0,2013
643,0,2,59,6,0,0,2,0,2,0,2012
644,0,0,59,4,0,0,1,0,1,0,2011
645,0,0,59,9,0,0,2,0,0,0,2010
646,0,0,59,5,0,0,1,0,1,0,2009
647,0,0,59,5,0,0,6,0,1,0,2008
648,0,0,59,7,0,0,0,0,0,0,2007
649,0,0,59,7,0,0,0,0,2,0,2006
650,0,3,62,8,5,0,9,0,4,0,2015
651,0,0,62,8,0,0,5,0,0,0,2014
652,0,0,62,11,0,0,4,0,1,0,2013
653,0,0,62,10,4,0,5,0,2,0,2012
654,0,0,62,5,0,0,3,0,1,0,2011
655,0,0,62,9,0,0,4,0,3,0,2010
656,0,0,62,7,0,0,6,0,3,0,2009
657,0,4,62,6,0,0,10,0,0,0,2008
658,0,0,62,9,0,0,5,0,2,0,2007
659,0,0,62,7,3,0,2,0,0,0,2006
660,0,0,6,17,2,0,19,0,2,0,2015
661,0,2,6,9,3,0,8,0,5,1,2014
662,0,0,6,12,0,0,16,0,1,0,2013
663,0,0,6,12,0,0,5,0,9,0,2012
664,0,2,6,21,0,0,9,0,4,0,2011
665,0,0,6,10,0,0,7,0,3,0,2010
666,0,4,6,18,3,0,6,0,2,0,2009
667,0,0,6,14,1,0,7,0,10,0,2008
668,0,0,6,15,3,0,9,0,1,0,2007
669,0,0,6,6,0,0,12,1,3,0,2006
670,0,0,300,3,0,0,3,0,1,0,2015
671,0,0,300,1,0,0,1,0,0,0,2014
672,0,0,300,4,0,0,4,0,0,0,2013
673,0,0,300,3,0,1,1,0,0,0,2012
674,0,1,300,2,0,1,5,0,0,0,2011
675,1,0,300,2,0,1,4,0,0,0,2010
676,1,0,300,2,0,0,1,0,0,0,2009
677,0,0,300,19,0,1,18,0,0,0,2008
678,0,1,300,15,0,0,11,0,0,0,2007
679,0,1,300,13,1,0,11,0,6,0,2006
680,0,0,25,20,0,3,24,0,6,0,2015
681,0,0,25,24,0,0,22,0,6,0,2014
682,0,6,25,20,0,0,27,0,9,0,2013
683,1,0,25,27,0,0,30,0,21,0,2012
684,0,8,25,18,5,0,32,0,27,0,2011
685,0,0,25,20,1,0,24,1,19,0,2010
686,1,1,25,31,6,0,31,0,13,0,2009
687,0,1,25,26,3,0,22,0,28,0,2008
688,0,0,25,27,0,0,20,0,18,0,2007
689,0,0,25,21,1,0,20,0,17,0,2006
690,0,0,67,14,3,1,11,0,3,0,2015
691,0,3,67,18,2,0,8,0,14,0,2014
692,0,2,67,11,0,0,11,0,2,0,2013
693,0,1,67,13,1,0,6,0,10,0,2012
694,0,1,67,9,0,1,9,0,9,0,2011
695,0,0,67,12,0,0,5,0,7,0,2010
696,0,1,67,19,2,0,14,0,0,0,2009
697,0,0,67,12,0,0,7,0,0,0,2008
698,1,1,67,5,0,0,7,0,12,0,2007
699,0,0,67,15,2,0,8,0,7,1,2006
700,0,0,69,3,0,0,1,0,0,0,2015
701,0,0,69,4,1,0,3,0,0,0,2014
702,0,0,69,3,0,0,1,0,1,0,2013
703,0,3,69,2,1,0,0,0,3,0,2012
704,0,0,69,4,0,0,0,0,0,0,2011
705,0,0,69,2,0,0,0,0,3,0,2010
706,0,0,69,2,2,0,4,0,2,0,2009
707,0,0,69,0,0,0,2,0,1,0,2008
708,0,0,69,4,0,0,1,1,0,0,2007
709,0,0,69,3,0,0,0,0,3,0,2006
710,0,0,71,16,1,0,4,0,0,0,2015
711,0,0,71,11,0,0,9,0,3,0,2014
712,0,0,71,7,2,0,5,0,10,0,2013
713,0,1,71,10,0,0,9,0,1,0,2012
714,0,1,71,8,2,0,6,0,1,0,2011
715,0,0,71,5,0,0,8,0,1,0,2010
716,1,0,71,7,0,0,2,0,6,0,2009
717,0,5,71,8,4,0,7,1,8,0,2008
718,0,0,71,4,0,0,8,0,3,0,2007
719,0,0,71,10,0,1,4,0,1,0,2006
720,0,0,74,4,4,0,5,0,0,0,2015
721,0,0,74,2,0,0,2,0,0,0,2014
722,0,0,74,6,0,0,3,0,2,0,2013
723,0,0,74,6,0,0,11,0,0,0,2012
724,0,0,74,2,0,0,1,0,0,0,2011
725,0,0,74,3,0,0,13,0,4,0,2010
726,0,0,74,3,0,0,4,0,0,0,2009
727,0,0,74,7,0,0,4,0,0,0,2008
728,0,0,74,2,0,0,2,0,0,0,2007
729,0,0,74,5,0,0,0,0,0,0,2006
730,0,0,75,4,0,0,1,1,2,0,2015
731,0,0,75,12,0,0,5,0,0,0,2014
732,0,0,75,5,2,0,2,0,0,0,2013
733,0,4,75,5,0,0,2,0,0,0,2012
734,0,0,75,6,0,0,0,0,2,0,2011
735,0,0,75,7,0,0,4,0,0,0,2010
736,0,2,75,5,0,0,2,0,0,0,2009
737,0,0,75,3,0,0,13,1,7,0,2008
738,0,0,75,1,0,0,2,0,0,0,2007
739,0,0,75,4,0,0,6,0,1,0,2006
740,0,0,76,6,4,0,1,0,2,0,2015
741,0,1,76,2,0,0,10,0,0,0,2014
742,0,0,76,4,0,0,4,0,2,0,2013
743,0,3,76,8,0,0,1,0,0,0,2012
744,0,1,76,5,0,0,4,0,9,0,2011
745,0,1,76,5,0,0,6,0,6,0,2010
746,0,0,76,8,0,0,6,0,0,0,2009
747,0,1,76,6,0,0,6,0,9,0,2008
748,0,1,76,8,0,0,3,0,4,0,2007
749,0,0,76,1,0,0,1,0,2,0,2006
750,0,0,77,13,0,0,26,0,5,0,2015
751,0,0,77,11,0,0,2,0,10,0,2014
752,0,0,77,10,2,0,17,1,17,0,2013
753,0,1,77,11,0,0,7,0,6,0,2012
754,0,1,77,4,0,0,4,0,8,0,2011
755,0,0,77,7,0,0,4,1,3,0,2010
756,0,0,77,7,0,0,6,0,3,0,2009
757,0,2,77,9,0,2,4,0,12,0,2008
758,0,8,77,5,0,0,2,1,5,0,2007
759,0,4,77,5,0,0,6,0,4,0,2006
760,0,0,85,2,0,0,1,0,3,0,2015
761,0,0,85,2,0,0,2,0,0,0,2014
762,0,0,85,1,0,0,3,0,0,0,2013
763,0,0,85,4,0,0,2,0,0,0,2012
764,0,0,85,2,0,0,5,0,0,0,2011
765,0,0,85,7,0,0,3,0,2,0,2010
766,0,0,85,2,0,0,2,0,0,0,2009
767,0,0,85,2,0,0,8,0,0,0,2008
768,0,0,85,2,0,0,1,0,0,0,2007
769,0,0,85,2,0,0,1,0,0,0,2006
770,0,0,87,8,1,0,4,0,0,0,2015
771,0,0,87,2,1,0,4,0,0,0,2014
772,0,0,87,3,8,0,5,0,3,0,2013
773,0,2,87,8,1,0,2,0,0,0,2012
774,0,0,87,8,3,0,3,0,2,0,2011
775,0,0,87,6,1,0,1,0,0,0,2010
776,0,0,87,4,9,0,3,0,0,0,2009
777,0,2,87,5,1,0,11,0,0,0,2008
778,0,0,87,7,14,0,1,0,3,0,2007
779,0,0,87,6,3,0,4,0,1,0,2006
780,0,0,89,5,1,0,5,0,0,0,2015
781,0,0,89,2,1,0,0,0,1,0,2014
782,0,1,89,1,0,0,4,0,1,0,2013
783,0,3,89,7,2,0,7,0,0,0,2012
784,0,0,89,2,1,0,2,0,0,0,2011
785,0,0,89,5,0,0,4,0,2,0,2010
786,0,0,89,5,0,0,4,0,3,0,2009
787,0,0,89,0,2,0,1,0,0,0,2008
788,0,0,89,4,0,0,3,1,0,0,2007
789,0,0,89,5,3,0,6,0,0,0,2006
790,0,0,91,5,0,0,1,0,0,0,2015
791,0,0,91,1,0,0,0,0,0,0,2014
792,0,0,91,3,0,0,5,0,1,0,2013
793,0,0,91,4,0,0,2,0,0,0,2012
794,0,0,91,3,0,0,2,0,0,0,2011
795,0,0,91,2,0,0,7,0,2,0,2010
796,0,0,91,2,0,0,0,0,0,0,2009
797,0,0,91,1,0,0,1,0,0,0,2008
798,0,1,91,1,0,0,2,0,0,0,2007
799,0,0,91,1,0,0,1,0,0,0,2006
800,0,0,92,8,1,0,3,0,0,0,2015
801,0,0,92,5,0,0,4,0,4,0,2014
802,0,5,92,8,1,0,4,0,12,0,2013
803,0,0,92,9,2,0,9,0,14,0,2012
804,0,0,92,12,3,0,4,0,3,0,2011
805,0,0,92,8,0,0,2,0,3,0,2010
806,0,0,92,13,2,0,8,0,8,0,2009
807,0,0,92,15,0,0,4,0,12,0,2008
808,0,0,92,7,0,0,4,0,2,0,2007
809,0,5,92,3,3,0,3,0,3,0,2006
810,0,1,94,5,0,0,0,0,0,0,2015
811,0,0,94,5,0,0,2,0,0,0,2014
812,0,0,94,2,0,0,0,0,1,0,2013
813,0,0,94,2,0,0,0,0,0,0,2012
814,0,0,94,2,0,0,1,0,0,0,2011
815,0,0,94,4,0,0,2,0,0,0,2010
816,0,0,94,4,0,0,0,0,0,0,2009
817,0,0,94,4,0,0,1,0,0,0,2008
818,0,0,94,4,0,0,0,0,1,0,2007
819,0,0,94,2,0,0,0,0,0,0,2006
820,0,2,95,6,2,0,3,0,12,1,2015
821,0,0,95,8,0,0,8,0,0,0,2014
822,0,2,95,7,0,0,2,0,5,0,2013
823,2,1,95,7,2,0,7,0,7,0,2012
824,0,0,95,4,1,0,6,0,10,0,2011
825,0,7,95,9,4,0,7,0,10,0,2010
826,0,1,95,7,0,0,6,0,9,0,2009
827,0,2,95,13,0,0,7,1,8,1,2008
828,0,0,95,9,1,0,4,0,3,0,2007
829,0,0,95,7,0,0,6,0,2,0,2006
830,0,0,97,7,0,0,3,0,0,0,2015
831,0,0,97,0,0,0,0,0,0,0,2014
832,0,1,97,0,0,0,3,0,0,0,2013
833,0,0,97,1,0,0,1,0,0,0,2012
834,0,0,97,0,0,0,0,0,0,0,2011
835,0,0,97,1,0,0,0,0,0,0,2010
836,0,0,97,0,0,0,1,0,0,0,2009
837,0,0,97,3,0,0,1,0,2,0,2008
838,0,0,97,0,0,0,1,0,0,0,2007
839,0,1,97,2,0,0,1,0,0,0,2006
840,0,0,99,0,0,0,0,0,0,0,2015
841,0,0,99,2,0,0,0,0,0,0,2014
842,0,0,99,1,0,0,0,0,0,0,2013
843,0,0,99,0,0,0,0,0,0,0,2012
844,0,0,99,1,0,0,0,0,0,0,2011
845,0,0,99,2,0,0,0,0,0,0,2010
846,0,0,99,2,0,0,0,0,1,0,2009
847,0,1,99,1,0,0,0,0,0,0,2008
848,0,0,99,0,0,0,1,0,0,0,2007
849,0,0,99,1,0,0,0,0,0,0,2006
850,0,0,100,1,0,0,1,0,5,0,2015
851,0,0,100,4,0,0,0,0,0,0,2014
852,0,0,100,4,0,0,0,0,0,0,2013
853,0,0,100,3,0,0,0,0,0,0,2012
854,0,0,100,2,0,0,4,0,1,0,2011
855,0,0,100,2,0,0,1,0,1,0,2010
856,0,1,100,3,0,0,1,0,1,0,2009
857,0,0,100,0,0,0,0,0,4,0,2008
858,0,0,100,1,0,0,0,0,0,0,2007
859,0,2,100,2,0,0,2,0,0,0,2006
860,0,0,104,0,0,0,0,0,0,0,2015
861,0,0,104,0,0,0,0,0,0,0,2014
862,0,0,104,1,0,0,0,0,0,0,2013
863,0,0,104,1,0,0,0,0,0,0,2012
864,0,0,104,0,0,0,1,0,0,0,2011
865,0,0,104,2,0,0,0,0,0,0,2010
866,0,0,104,0,0,0,0,0,0,0,2009
867,0,0,104,1,0,0,0,0,0,0,2008
868,0,0,104,0,0,0,0,0,0,0,2007
869,0,0,104,0,0,0,0,0,0,0,2006
870,0,0,106,0,0,0,2,0,6,0,2015
871,0,0,106,6,0,0,2,0,9,0,2014
872,0,2,106,3,0,0,1,0,10,0,2013
873,0,0,106,2,0,0,2,0,7,0,2012
874,0,0,106,1,0,0,1,0,4,0,2011
875,0,0,106,1,0,0,0,0,13,0,2010
876,0,0,106,1,0,0,2,0,4,0,2009
877,0,2,106,4,0,0,8,0,4,0,2008
878,0,0,106,3,0,0,1,0,9,0,2007
879,0,0,106,3,0,0,2,0,11,0,2006
880,0,0,107,3,5,0,2,0,7,0,2015
881,0,0,107,3,0,0,3,0,4,0,2014
882,0,0,107,2,0,0,1,0,0,0,2013
883,0,0,107,1,0,0,2,0,0,0,2012
884,1,0,107,1,0,0,0,0,4,0,2011
885,0,0,107,3,0,0,0,0,0,0,2010
886,0,0,107,5,0,0,1,0,7,0,2009
887,0,0,107,3,0,0,3,0,1,0,2008
888,0,0,107,5,0,0,2,0,1,0,2007
889,0,0,107,5,0,0,0,0,0,0,2006
890,0,0,110,2,0,0,0,0,0,0,2015
891,0,0,110,1,0,0,0,0,0,0,2014
892,0,0,110,1,0,0,0,0,0,0,2013
893,0,0,110,0,0,0,0,0,0,0,2012
894,0,0,110,1,0,0,0,0,0,0,2011
895,0,0,110,1,0,0,0,0,0,0,2010
896,0,0,110,0,0,0,1,0,0,0,2009
897,0,0,110,2,0,0,0,0,0,0,2008
898,0,0,110,0,0,0,0,0,0,0,2007
899,0,0,110,1,0,0,1,0,0,0,2006
900,0,0,111,1,0,0,0,0,0,3,2015
901,0,0,111,1,0,0,1,0,0,0,2014
902,0,0,111,1,0,0,0,0,0,0,2013
903,0,0,111,0,0,0,0,0,3,0,2012
904,0,0,111,1,0,0,0,0,0,0,2011
905,0,0,111,1,0,0,0,0,0,0,2010
906,0,0,111,1,0,0,1,0,0,0,2009
907,0,0,111,1,0,0,2,0,0,0,2008
908,0,0,111,0,0,0,0,0,0,0,2007
909,0,0,111,0,0,0,0,0,0,0,2006
910,0,0,113,0,0,0,0,0,0,0,2015
911,0,0,113,1,0,0,0,0,0,0,2014
912,0,0,113,0,0,0,0,0,0,0,2013
913,0,0,113,0,0,0,0,0,0,0,2012
914,0,0,113,2,0,0,0,0,0,0,2011
915,0,0,113,1,0,0,0,0,0,0,2010
916,0,0,113,0,0,0,0,0,0,0,2009
917,0,0,113,1,0,0,0,0,1,0,2008
918,0,0,113,0,0,0,0,0,0,0,2007
919,0,0,113,0,0,0,0,0,0,0,2006
920,0,0,114,1,0,0,0,0,0,0,2015
921,0,0,114,0,0,0,0,0,1,0,2014
922,0,0,114,0,0,0,0,0,2,0,2013
923,0,0,114,1,0,0,0,0,0,0,2012
924,0,0,114,1,0,0,0,0,3,0,2011
925,0,0,114,1,0,0,0,0,0,0,2010
926,0,0,114,3,0,0,0,0,0,0,2009
927,0,0,114,0,0,0,5,0,0,0,2008
928,0,0,114,0,0,0,0,0,0,0,2007
929,0,1,114,2,0,0,0,0,0,0,2006
930,0,0,117,0,0,0,0,0,0,0,2015
931,0,0,117,1,0,0,0,0,0,0,2014
932,0,0,117,0,0,0,0,0,0,0,2013
933,0,0,117,0,0,0,0,0,0,0,2012
934,0,0,117,0,0,0,1,0,0,0,2011
935,0,0,117,0,0,0,0,0,0,0,2010
936,0,0,117,0,0,0,0,0,0,0,2009
937,0,0,117,0,0,0,0,0,0,0,2008
938,0,0,117,0,0,0,0,0,0,0,2007
939,0,0,117,0,0,0,0,0,0,0,2006
940,0,0,122,1,0,0,1,0,0,0,2015
941,0,0,122,1,0,0,0,0,5,0,2014
942,0,0,122,0,0,0,0,0,1,0,2013
943,0,0,122,0,0,0,0,0,0,0,2012
944,0,0,122,0,0,0,2,0,0,0,2011
945,0,0,122,2,2,0,1,0,4,0,2010
946,0,0,122,1,0,0,0,0,0,0,2009
947,0,0,122,0,0,0,0,0,1,0,2008
948,0,0,122,1,0,0,0,0,0,0,2007
949,0,0,122,0,0,0,0,0,1,0,2006
950,0,0,125,1,0,0,0,0,0,0,2015
951,0,0,125,1,1,0,0,0,0,0,2014
952,0,0,125,0,0,0,3,0,0,0,2013
953,0,0,125,1,4,0,2,0,0,0,2012
954,0,0,125,0,0,0,1,0,0,0,2011
955,0,0,125,0,0,0,0,0,0,0,2010
956,0,0,125,0,0,0,0,0,0,0,2009
957,0,0,125,0,0,0,0,0,0,0,2008
958,0,0,125,0,0,0,0,0,0,0,2007
959,0,1,125,3,0,0,0,0,0,0,2006
960,0,0,126,0,0,0,0,0,0,0,2015
961,0,0,126,2,0,0,0,0,0,0,2014
962,0,0,126,0,1,0,0,0,0,0,2013
963,0,0,126,0,0,0,1,0,0,0,2012
964,0,3,126,3,0,0,0,0,3,0,2011
965,0,0,126,3,1,0,2,0,0,0,2010
966,0,0,126,0,0,0,0,0,0,0,2009
967,0,0,126,1,0,0,0,0,1,0,2008
968,0,0,126,2,0,0,2,0,0,0,2007
969,0,0,126,3,0,0,0,0,1,0,2006
970,0,0,129,1,0,0,4,0,0,0,2015
971,0,0,129,3,0,0,2,0,2,0,2014
972,0,0,129,1,0,0,3,0,1,0,2013
973,0,0,129,0,0,0,0,0,0,0,2012
974,0,0,129,0,0,0,0,0,0,0,2011
975,0,0,129,1,0,0,0,0,0,0,2010
976,0,0,129,1,0,0,2,0,4,0,2009
977,0,0,129,0,0,0,0,0,0,0,2008
978,0,0,129,1,0,0,0,0,3,0,2007
979,0,0,129,0,0,0,3,0,2,0,2006
980,0,0,135,1,0,0,0,0,0,0,2015
981,0,0,135,0,0,0,0,0,0,0,2014
982,0,0,135,0,0,0,0,0,0,0,2013
983,0,0,135,2,0,0,0,0,0,0,2012
984,0,0,135,0,0,0,0,0,4,0,2011
985,0,0,135,0,0,0,0,0,0,0,2010
986,0,0,135,0,0,0,0,0,0,0,2009
987,0,0,135,1,0,0,0,0,0,0,2008
988,0,0,135,0,0,0,0,0,1,0,2007
989,0,0,135,0,0,0,0,0,0,0,2006
990,0,0,136,0,0,0,0,0,0,0,2015
991,0,0,136,2,0,0,0,0,1,0,2014
992,0,0,136,0,0,0,0,0,0,0,2013
993,0,0,136,2,0,0,0,0,4,0,2012
994,0,0,136,0,0,0,0,0,0,0,2011
995,0,0,136,2,0,0,0,0,0,0,2010
996,0,0,136,0,0,0,0,0,0,0,2009
997,0,0,136,1,0,0,0,0,0,0,2008
998,0,0,136,0,0,0,1,0,0,0,2007
999,0,0,136,1,0,0,0,0,0,0,2006
1000,0,0,137,0,0,0,1,0,0,0,2015
1001,0,0,137,0,0,0,1,0,7,0,2014
1002,0,0,137,0,0,0,0,0,1,0,2013
1003,0,0,137,0,0,0,1,0,1,0,2012
1004,0,0,137,0,0,0,2,0,0,0,2011
1005,0,0,137,0,0,0,0,0,3,0,2010
1006,0,0,137,1,0,0,0,0,0,0,2009
1007,0,0,137,1,0,0,0,0,4,0,2008
1008,0,3,137,2,0,0,0,0,0,0,2007
1009,0,0,137,0,0,0,0,0,0,0,2006
1010,0,0,141,1,4,0,1,0,0,0,2015
1011,0,0,141,0,0,0,0,0,0,0,2014
1012,0,0,141,1,0,0,0,0,0,0,2013
1013,0,0,141,1,0,0,0,0,2,0,2012
1014,0,0,141,2,0,0,1,0,0,0,2011
1015,0,0,141,0,0,0,0,0,0,0,2010
1016,0,0,141,0,0,0,0,0,1,0,2009
1017,0,0,141,0,0,0,2,0,0,0,2008
1018,0,0,141,1,0,0,0,0,0,0,2007
1019,0,0,141,0,0,0,0,0,0,0,2006
1020,0,0,144,1,0,0,1,0,0,0,2015
1021,0,0,144,1,0,0,0,0,0,0,2014
1022,0,0,144,2,0,0,1,0,0,0,2013
1023,0,0,144,0,0,0,0,0,0,0,2012
1024,0,0,144,1,0,0,0,0,0,0,2011
1025,0,0,144,0,0,0,0,0,0,0,2010
1026,0,0,144,0,0,0,0,0,0,0,2009
1027,0,0,144,0,0,0,0,0,0,0,2008
1028,0,0,144,0,0,0,0,0,0,0,2007
1029,0,0,144,0,0,0,0,0,0,0,2006
1030,0,0,146,2,0,0,0,0,8,0,2015
1031,0,0,146,4,0,0,0,0,0,0,2014
1032,0,0,146,0,0,0,0,0,0,0,2013
1033,0,0,146,0,0,0,1,0,0,0,2012
1034,0,0,146,0,0,0,0,0,0,0,2011
1035,0,0,146,3,0,0,0,0,1,0,2010
1036,0,0,146,0,0,0,1,0,1,0,2009
1037,0,0,146,0,0,0,0,0,0,0,2008
1038,0,0,146,2,0,0,1,0,0,0,2007
1039,0,0,146,1,0,0,0,0,2,0,2006
1040,0,0,148,1,0,0,1,0,0,0,2015
1041,0,0,148,0,0,0,1,0,0,0,2014
1042,0,0,148,0,0,0,0,0,1,0,2013
1043,0,1,148,0,0,0,0,0,3,0,2012
1044,0,0,148,1,0,0,0,0,0,0,2011
1045,0,0,148,0,0,0,0,0,0,0,2010
1046,0,0,148,0,0,0,0,0,2,0,2009
1047,0,0,148,0,0,0,0,0,0,0,2008
1048,0,0,148,0,0,0,0,0,0,0,2007
1049,0,0,148,0,0,0,0,0,0,0,2006
1050,0,0,150,1,0,0,0,0,0,0,2015
1051,0,0,150,2,0,0,0,0,0,0,2014
1052,0,0,150,0,0,0,0,0,0,0,2013
1053,0,0,150,0,0,0,0,0,0,0,2012
1054,0,0,150,0,0,0,0,0,0,0,2011
1055,0,0,150,0,0,0,0,0,0,0,2010
1056,0,0,150,1,0,0,0,0,0,0,2009
1057,0,0,150,0,0,0,0,0,0,0,2008
1058,0,0,150,0,0,0,0,0,0,0,2007
1059,0,0,150,0,0,0,0,0,0,0,2006
1060,0,0,151,0,0,0,0,0,0,0,2015
1061,0,0,151,0,0,0,0,0,0,0,2014
1062,0,0,151,0,0,0,0,0,0,0,2013
1063,0,0,151,3,0,0,3,0,0,0,2012
1064,0,0,151,0,0,0,0,0,0,0,2011
1065,0,0,151,0,0,0,0,0,0,0,2010
1066,0,0,151,0,0,0,1,0,0,0,2009
1067,0,0,151,0,0,0,0,0,0,0,2008
1068,0,0,151,0,0,0,0,0,0,0,2007
1069,0,0,151,0,0,0,0,0,0,0,2006
1070,0,0,155,4,0,0,2,0,1,0,2015
1071,0,0,155,2,0,0,3,0,0,0,2014
1072,0,0,155,2,0,0,1,0,0,0,2013
1073,0,0,155,2,0,0,1,0,0,0,2012
1074,0,0,155,3,0,0,4,0,0,0,2011
1075,0,0,155,2,0,0,4,0,0,0,2010
1076,0,0,155,2,0,0,4,0,1,0,2009
1077,0,0,155,2,0,0,0,0,1,0,2008
1078,0,0,155,2,0,0,0,0,1,0,2007
1079,0,0,155,0,0,0,0,0,5,0,2006
1080,0,0,157,0,0,0,0,0,0,0,2015
1081,0,0,157,0,0,0,0,0,0,0,2014
1082,0,0,157,0,0,0,0,0,0,0,2013
1083,0,0,157,1,0,0,0,0,0,0,2012
1084,0,0,157,0,0,0,0,0,0,0,2011
1085,0,0,157,1,0,0,0,0,0,0,2010
1086,0,0,157,0,0,0,0,0,0,0,2009
1087,0,0,157,0,0,0,0,0,2,0,2008
1088,0,0,157,0,0,0,0,0,0,0,2007
1089,0,0,157,0,0,1,0,0,0,0,2006
1090,0,0,159,0,0,0,2,0,0,0,2015
1091,0,0,159,0,0,0,0,0,0,0,2014
1092,0,0,159,0,0,0,0,0,0,0,2013
1093,0,0,159,1,0,0,0,0,0,0,2012
1094,0,0,159,0,0,0,0,0,0,0,2011
1095,0,0,159,1,0,0,0,0,0,0,2010
1096,0,0,159,1,0,0,0,0,0,0,2009
1097,0,0,159,1,0,0,0,0,0,0,2008
1098,0,0,159,1,0,0,0,0,0,0,2007
1099,0,0,159,0,0,0,0,0,0,0,2006
1100,0,5,101,43,6,0,42,0,60,0,2015
1101,0,0,101,43,2,0,32,0,53,0,2014
1102,0,4,101,39,17,0,41,0,80,0,2013
1103,0,1,101,42,0,0,43,0,79,0,2012
1104,0,3,101,34,10,0,28,0,66,0,2011
1105,1,10,101,49,11,0,42,7,78,0,2010
1106,4,12,101,48,8,0,37,5,72,0,2009
1107,1,2,101,40,16,0,36,1,103,0,2008
1108,1,8,101,35,3,0,47,3,93,0,2007
1109,0,1,101,34,0,0,51,0,129,0,2006
1110,0,0,78,3,0,0,8,0,0,0,2015
1111,0,0,78,9,0,1,2,0,3,0,2014
1112,0,0,78,2,0,0,2,0,0,0,2013
1113,0,0,78,3,0,0,2,0,0,0,2012
1114,0,0,78,1,0,0,8,0,0,0,2011
1115,0,1,78,5,0,0,5,0,3,0,2010
1116,0,0,78,7,0,0,11,0,0,0,2009
1117,0,1,78,3,2,0,4,0,2,0,2008
1118,0,1,78,5,0,0,3,0,1,0,2007
1119,0,0,78,8,0,0,3,0,1,0,2006
1120,0,0,79,19,0,0,14,0,4,0,2015
1121,0,0,79,10,3,1,17,0,14,0,2014
1122,0,1,79,22,0,0,10,0,10,0,2013
1123,0,3,79,21,0,0,12,0,1,0,2012
1124,0,0,79,22,0,0,8,0,2,0,2011
1125,0,0,79,24,0,1,19,0,4,0,2010
1126,0,1,79,12,2,0,13,0,12,0,2009
1127,0,0,79,22,0,0,14,0,1,0,2008
1128,0,0,79,22,1,0,11,0,15,0,2007
1129,0,3,79,24,0,0,26,0,9,0,2006
1130,0,2,82,25,3,0,34,0,0,0,2015
1131,0,2,82,39,1,0,45,1,5,0,2014
1132,0,0,82,25,0,0,24,0,2,0,2013
1133,0,2,82,21,1,2,46,0,2,0,2012
1134,0,0,82,28,2,1,28,0,5,0,2011
1135,0,3,82,19,0,0,25,0,2,0,2010
1136,0,0,82,29,4,0,28,0,6,0,2009
1137,0,0,82,23,0,0,39,0,6,0,2008
1138,0,0,82,20,7,0,51,0,4,0,2007
1139,0,0,82,27,0,1,71,0,5,0,2006
1140,0,0,84,7,0,0,0,0,0,0,2015
1141,0,0,84,9,0,0,8,0,0,0,2014
1142,0,0,84,7,0,0,4,0,7,0,2013
1143,0,0,84,4,0,0,1,0,1,0,2012
1144,0,0,84,8,0,0,3,0,4,0,2011
1145,0,1,84,8,0,0,2,0,0,0,2010
1146,0,0,84,7,0,0,4,0,0,0,2009
1147,0,2,84,7,0,0,1,0,6,0,2008
1148,0,0,84,2,0,0,5,0,6,0,2007
1149,0,0,84,0,0,0,4,0,3,0,2006
1150,0,0,68,3,0,0,8,0,0,0,2015
1151,0,0,68,2,0,0,1,0,0,0,2014
1152,0,0,68,2,0,0,2,0,0,0,2013
1153,0,3,68,4,0,0,5,0,0,0,2012
1154,0,0,68,5,0,0,3,0,1,0,2011
1155,0,0,68,2,0,0,1,0,2,0,2010
1156,0,0,68,1,0,0,1,0,2,0,2009
1157,0,0,68,3,0,0,3,0,0,0,2008
1158,0,0,68,2,0,0,3,0,0,0,2007
1159,0,0,68,3,0,0,2,0,0,0,2006
1160,0,0,88,3,0,0,4,0,0,0,2015
1161,0,0,88,0,0,0,1,0,0,0,2014
1162,0,0,88,1,0,0,1,0,2,0,2013
1163,0,0,88,0,0,0,0,0,0,0,2012
1164,0,0,88,1,0,0,0,0,1,0,2011
1165,0,0,88,2,0,0,1,0,0,0,2010
1166,0,0,88,0,0,0,1,0,0,0,2009
1167,0,0,88,1,0,0,0,0,0,0,2008
1168,0,0,88,1,0,0,1,0,0,0,2007
1169,0,0,88,0,0,0,0,0,1,0,2006
1170,0,0,90,4,0,0,2,0,2,0,2015
1171,0,1,90,2,0,0,1,0,0,0,2014
1172,0,0,90,5,0,0,4,0,0,0,2013
1173,0,0,90,3,0,0,4,0,0,0,2012
1174,0,0,90,4,0,0,0,0,4,0,2011
1175,0,0,90,3,0,0,1,0,3,0,2010
1176,0,0,90,5,0,0,8,0,5,0,2009
1177,0,0,90,3,0,0,3,0,2,0,2008
1178,0,0,90,2,0,0,3,0,0,0,2007
1179,0,0,90,4,0,0,0,0,0,0,2006
1180,0,3,81,3,0,0,4,0,0,0,2015
1181,0,1,81,3,1,0,1,0,0,0,2014
1182,0,2,81,5,0,0,1,0,2,0,2013
1183,0,0,81,4,0,0,1,0,0,0,2012
1184,0,1,81,5,0,0,3,0,0,0,2011
1185,0,1,81,5,0,0,0,0,3,0,2010
1186,0,0,81,8,0,0,3,0,0,0,2009
1187,0,0,81,5,0,0,3,0,0,0,2008
1188,0,0,81,2,0,0,2,0,1,0,2007
1189,0,0,81,5,0,0,1,0,0,0,2006
1190,0,0,103,0,0,0,1,0,0,0,2015
1191,0,0,103,0,0,0,0,0,0,0,2014
1192,0,0,103,2,0,0,0,0,0,0,2013
1193,0,0,103,1,0,0,0,0,0,0,2012
1194,0,0,103,0,0,0,0,0,0,0,2011
1195,0,0,103,0,0,0,1,1,2,0,2010
1196,0,0,103,0,0,0,0,0,0,0,2009
1197,0,0,103,0,0,0,0,0,0,0,2008
1198,0,0,103,0,0,0,0,0,0,0,2007
1199,0,0,103,1,0,0,0,0,0,0,2006
1200,0,0,105,2,2,0,3,0,0,0,2015
1201,0,0,105,2,0,0,2,0,0,0,2014
1202,0,0,105,5,0,0,4,0,0,0,2013
1203,0,0,105,4,0,0,2,0,0,0,2012
1204,0,0,105,4,0,0,0,0,0,0,2011
1205,0,0,105,4,0,0,2,0,0,0,2010
1206,0,0,105,2,1,0,6,0,0,0,2009
1207,0,0,105,2,0,0,2,0,0,0,2008
1208,0,0,105,1,1,0,2,0,0,0,2007
1209,0,0,105,2,4,0,4,0,0,0,2006
1210,0,0,93,2,0,0,0,0,2,0,2015
1211,0,0,93,2,0,0,0,0,2,0,2014
1212,0,0,93,1,0,0,0,0,0,0,2013
1213,0,0,93,0,0,0,1,0,0,0,2012
1214,0,0,93,1,0,0,1,0,0,0,2011
1215,0,0,93,4,0,0,1,0,0,0,2010
1216,0,2,93,1,0,0,1,0,1,0,2009
1217,0,0,93,4,0,0,0,0,0,0,2008
1218,0,0,93,2,0,0,0,0,0,0,2007
1219,0,0,93,2,0,0,2,0,0,0,2006
1220,0,0,98,2,0,0,3,0,0,0,2015
1221,0,0,98,3,0,0,0,0,0,0,2014
1222,0,0,98,1,0,0,1,0,0,0,2013
1223,0,0,98,2,0,0,3,0,1,0,2012
1224,0,0,98,3,0,0,1,0,0,0,2011
1225,0,0,98,1,0,0,1,0,0,0,2010
1226,0,0,98,1,0,1,1,0,0,0,2009
1227,0,0,98,0,0,0,1,0,0,0,2008
1228,0,0,98,3,0,0,0,0,0,0,2007
1229,0,0,98,1,0,0,1,0,0,0,2006
1230,0,0,109,3,0,0,0,0,1,0,2015
1231,0,0,109,2,0,0,1,0,0,0,2014
1232,0,0,109,0,0,0,0,0,0,0,2013
1233,0,0,109,2,0,0,1,0,0,0,2012
1234,0,0,109,4,0,0,0,0,0,0,2011
1235,0,0,109,0,0,0,0,0,2,0,2010
1236,0,1,109,1,0,0,0,0,0,0,2009
1237,0,0,109,0,0,0,0,0,0,0,2008
1238,0,0,109,1,0,0,1,0,0,0,2007
1239,0,0,109,1,0,0,0,0,1,0,2006
1240,0,0,118,0,0,0,0,0,0,0,2015
1241,0,0,118,0,0,0,0,0,0,0,2014
1242,0,0,118,0,0,0,1,0,0,0,2013
1243,0,0,118,0,0,0,0,0,0,0,2012
1244,0,0,118,0,0,0,0,0,0,0,2011
1245,0,0,118,1,0,0,0,0,0,0,2010
1246,0,0,118,0,0,0,0,0,0,0,2009
1247,0,0,118,0,0,0,0,0,0,0,2008
1248,0,0,118,0,0,0,0,0,0,0,2007
1249,0,0,118,0,0,0,0,0,0,0,2006
1250,0,0,120,0,0,0,1,0,0,0,2015
1251,0,0,120,1,0,0,0,0,0,0,2014
1252,0,0,120,0,0,0,0,0,0,0,2013
1253,0,0,120,0,0,0,0,0,0,0,2012
1254,0,0,120,0,0,0,0,0,0,0,2011
1255,0,0,120,0,0,0,1,0,0,0,2010
1256,0,0,120,1,0,0,0,0,0,0,2009
1257,0,0,120,0,0,0,0,0,0,0,2008
1258,0,0,120,0,0,0,0,0,0,0,2007
1259,0,0,120,0,0,0,0,0,0,0,2006
1260,0,0,55,20,12,0,8,0,42,0,2015
1261,0,2,55,17,7,0,7,1,14,0,2014
1262,1,3,55,24,11,0,4,0,29,0,2013
1263,0,3,55,16,12,0,18,0,21,0,2012
1264,1,1,55,18,4,0,14,0,9,0,2011
1265,0,2,55,12,8,0,14,0,4,1,2010
1266,0,0,55,24,15,0,15,0,11,0,2009
1267,0,2,55,16,9,0,10,0,14,1,2008
1268,0,3,55,12,6,0,7,0,19,0,2007
1269,0,1,55,16,10,0,13,0,10,0,2006
1270,0,0,80,3,0,0,2,0,0,0,2015
1271,0,0,80,3,0,0,4,0,1,0,2014
1272,0,0,80,2,0,0,3,0,0,0,2013
1273,0,0,80,0,0,0,0,0,0,0,2012
1274,0,0,80,1,0,0,3,0,0,0,2011
1275,0,1,80,3,0,0,3,0,0,0,2010
1276,0,0,80,5,0,0,2,0,0,0,2009
1277,0,0,80,3,0,0,0,0,0,0,2008
1278,0,0,80,1,0,0,2,0,0,0,2007
1279,0,0,80,3,0,0,0,0,3,0,2006
1280,0,0,83,0,0,0,2,0,0,0,2015
1281,0,0,83,4,0,0,2,0,0,0,2014
1282,0,0,83,4,0,0,1,0,0,0,2013
1283,0,0,83,1,0,0,4,0,0,0,2012
1284,0,1,83,1,0,0,5,0,0,0,2011
1285,0,0,83,3,0,0,1,0,0,0,2010
1286,0,1,83,6,0,0,1,0,0,0,2009
1287,0,0,83,2,0,0,3,0,0,0,2008
1288,0,0,83,2,0,0,0,0,0,0,2007
1289,0,0,83,3,0,0,0,0,1,0,2006
1290,0,0,65,3,0,0,5,0,0,0,2015
1291,0,0,65,5,0,0,8,0,0,0,2014
1292,0,1,65,2,2,0,6,0,0,0,2013
1293,0,0,65,4,0,0,2,0,2,0,2012
1294,0,0,65,6,0,0,6,0,0,0,2011
1295,0,0,65,2,0,0,3,0,0,0,2010
1296,0,0,65,4,0,0,2,0,0,0,2009
1297,0,0,65,2,0,0,4,0,1,0,2008
1298,0,0,65,2,0,0,3,0,2,0,2007
1299,0,0,65,3,0,0,0,0,0,0,2006
1300,0,0,86,3,0,0,1,0,0,0,2015
1301,0,0,86,1,0,0,2,0,0,0,2014
1302,0,1,86,1,0,0,3,0,0,0,2013
1303,0,0,86,1,0,0,2,0,0,0,2012
1304,0,0,86,0,0,0,0,0,0,0,2011
1305,0,0,86,0,0,0,3,0,0,0,2010
1306,0,0,86,1,0,0,1,0,0,0,2009
1307,0,0,86,2,0,0,3,0,0,0,2008
1308,0,0,86,1,0,0,0,0,0,0,2007
1309,0,0,86,2,0,0,0,0,0,0,2006
1310,0,0,96,1,0,0,0,0,0,0,2015
1311,0,0,96,2,0,0,1,0,0,0,2014
1312,0,0,96,0,0,0,2,0,0,0,2013
1313,0,0,96,2,0,0,4,0,0,0,2012
1314,0,0,96,3,0,0,5,0,0,0,2011
1315,0,0,96,3,0,0,2,0,0,0,2010
1316,0,0,96,3,0,0,2,0,0,0,2009
1317,0,0,96,3,0,0,1,0,0,0,2008
1318,1,0,96,2,0,0,1,0,0,0,2007
1319,0,0,96,0,0,0,1,0,0,0,2006
1320,0,0,205,1,0,0,0,0,2,0,2015
1321,0,0,205,0,2,0,0,0,0,0,2014
1322,0,0,205,1,0,0,0,0,0,0,2013
1323,0,0,205,1,0,0,0,0,0,0,2012
1324,0,0,205,1,0,0,0,0,0,0,2011
1325,0,0,205,1,0,0,0,0,0,0,2010
1326,0,0,205,0,2,0,0,0,0,0,2009
1327,0,0,205,0,0,0,0,0,0,0,2008
1328,0,0,205,3,0,0,1,0,0,0,2007
1329,0,0,205,0,0,0,0,0,0,0,2006
1330,0,0,102,1,0,0,0,0,0,0,2015
1331,0,0,102,2,0,0,5,0,0,0,2014
1332,0,0,102,2,0,0,0,0,0,0,2013
1333,0,0,102,0,0,0,0,0,1,0,2012
1334,0,0,102,0,0,0,0,0,5,0,2011
1335,0,0,102,1,0,0,1,0,0,0,2010
1336,0,0,102,0,0,0,0,0,3,0,2009
1337,0,0,102,1,0,0,0,0,0,0,2008
1338,0,0,102,2,0,0,0,0,0,0,2007
1339,0,0,102,4,0,0,0,0,0,0,2006
1340,0,0,108,4,0,0,12,0,2,0,2015
1341,0,0,108,3,0,0,12,0,1,0,2014
1342,0,0,108,3,0,0,2,0,3,0,2013
1343,0,3,108,1,1,0,4,0,3,0,2012
1344,0,1,108,3,0,0,4,0,3,0,2011
1345,0,3,108,5,3,0,5,0,2,0,2010
1346,0,2,108,4,0,0,3,0,9,0,2009
1347,0,4,108,8,0,0,6,0,3,0,2008
1348,0,0,108,9,1,0,7,0,2,0,2007
1349,0,1,108,2,0,0,7,0,5,0,2006
1350,0,0,112,0,0,0,0,0,0,0,2015
1351,0,0,112,0,0,0,0,0,2,0,2014
1352,0,0,112,1,0,0,0,0,0,0,2013
1353,0,0,112,1,0,0,0,0,0,0,2012
1354,0,0,112,0,0,0,1,0,2,0,2011
1355,0,0,112,2,0,0,0,0,0,0,2010
1356,0,0,112,0,0,0,0,0,0,0,2009
1357,0,0,112,0,0,0,0,0,0,0,2008
1358,0,0,112,0,0,0,0,0,0,0,2007
1359,0,0,112,0,0,0,0,0,0,0,2006
1360,0,0,119,0,0,0,0,0,0,0,2015
1361,0,0,119,0,0,0,0,0,0,0,2014
1362,0,0,119,0,0,0,0,0,0,0,2013
1363,0,0,119,0,0,0,0,0,0,0,2012
1364,0,0,119,0,0,0,0,0,0,0,2011
1365,0,0,119,0,0,0,0,0,0,0,2010
1366,0,0,119,0,0,0,0,0,0,0,2009
1367,0,0,119,0,0,0,0,0,0,0,2008
1368,0,0,119,0,0,0,0,0,0,0,2007
1369,0,0,119,1,0,0,0,0,0,0,2006
1370,0,0,123,5,0,0,0,0,6,0,2015
1371,0,0,123,4,0,0,6,0,0,0,2014
1372,0,0,123,6,0,0,10,0,2,0,2013
1373,0,0,123,4,0,0,2,0,2,0,2012
1374,0,0,123,4,0,0,2,0,1,0,2011
1375,0,0,123,3,0,0,0,0,4,0,2010
1376,0,0,123,2,0,0,1,0,0,0,2009
1377,0,0,123,4,0,0,0,0,1,0,2008
1378,0,0,123,1,0,0,0,0,1,0,2007
1379,0,0,123,3,0,0,2,0,3,0,2006
1380,0,0,128,0,0,0,0,0,0,0,2015
1381,0,0,128,0,0,0,0,0,0,0,2014
1382,0,0,128,0,0,0,0,0,0,0,2013
1383,0,0,128,0,0,0,0,0,0,0,2012
1384,0,0,128,0,0,0,0,0,0,0,2011
1385,0,0,128,0,0,0,0,0,0,0,2010
1386,0,0,128,1,0,0,0,0,0,0,2009
1387,0,0,128,0,0,0,0,0,0,0,2008
1388,0,0,128,0,0,0,0,0,0,0,2007
1389,0,0,128,0,0,0,0,0,0,0,2006
1390,0,0,133,2,0,0,0,0,0,0,2015
1391,0,0,133,0,0,0,0,0,0,0,2014
1392,0,0,133,2,0,0,0,0,0,0,2013
1393,0,0,133,1,0,0,0,0,0,0,2012
1394,0,1,133,2,0,0,0,0,0,0,2011
1395,0,0,133,1,0,0,0,0,0,0,2010
1396,0,0,133,2,0,0,0,0,0,0,2009
1397,0,0,133,0,0,0,1,0,0,0,2008
1398,0,0,133,0,0,0,0,0,0,0,2007
1399,0,0,133,0,0,0,1,0,0,0,2006
1400,0,0,139,0,0,0,0,0,0,0,2015
1401,0,0,139,3,0,0,0,0,0,0,2014
1402,0,0,139,2,0,0,1,0,4,0,2013
1403,0,0,139,2,0,0,0,0,0,0,2012
1404,0,0,139,2,0,0,0,0,0,0,2011
1405,0,0,139,0,0,0,0,0,0,0,2010
1406,0,0,139,0,0,0,0,0,0,0,2009
1407,0,0,139,0,0,0,0,0,1,0,2008
1408,0,0,139,0,0,0,0,0,0,0,2007
1409,0,0,139,1,0,0,0,0,0,0,2006
1410,0,0,143,1,0,0,0,0,0,0,2015
1411,0,0,143,0,0,0,0,0,0,0,2014
1412,0,0,143,1,0,0,0,0,0,0,2013
1413,0,0,143,0,0,0,0,0,0,0,2012
1414,0,0,143,0,0,0,0,0,0,0,2011
1415,0,0,143,0,0,0,0,0,0,0,2010
1416,0,0,143,0,0,0,0,0,4,0,2009
1417,0,0,143,1,0,0,0,0,0,0,2008
1418,0,0,143,0,0,0,0,0,0,0,2007
1419,0,0,143,0,0,0,1,0,0,0,2006
1420,0,0,152,4,0,0,2,0,0,0,2015
1421,0,0,152,3,0,0,0,0,0,0,2014
1422,0,0,152,0,1,0,1,0,0,0,2013
1423,0,0,152,2,0,0,1,1,1,0,2012
1424,0,0,152,2,0,0,0,0,4,0,2011
1425,0,0,152,2,0,0,0,0,1,0,2010
1426,0,0,152,0,0,0,1,0,0,0,2009
1427,0,0,152,2,0,0,0,0,0,0,2008
1428,0,1,152,2,0,0,0,0,0,0,2007
1429,0,0,152,2,0,0,1,0,0,0,2006
1430,0,0,161,0,0,0,0,0,0,0,2015
1431,0,0,161,0,0,0,1,0,0,0,2014
1432,0,0,161,1,0,0,0,0,0,0,2013
1433,0,0,161,0,0,0,0,0,0,0,2012
1434,0,0,161,0,0,0,1,0,0,0,2011
1435,0,0,161,0,0,0,0,0,1,0,2010
1436,0,0,161,1,0,0,0,0,0,0,2009
1437,0,0,161,0,0,0,0,0,1,0,2008
1438,0,0,161,1,0,0,0,0,0,0,2007
1439,0,0,161,0,0,0,1,0,0,0,2006
1440,0,0,162,1,0,0,0,0,0,0,2015
1441,0,0,162,0,0,0,0,0,0,0,2014
1442,0,0,162,2,0,0,0,0,0,0,2013
1443,0,0,162,0,0,0,1,0,0,0,2012
1444,0,0,162,0,0,0,2,0,0,0,2011
1445,0,0,162,0,0,0,0,0,0,0,2010
1446,0,0,162,0,0,0,0,0,0,0,2009
1447,0,0,162,0,0,0,0,0,0,0,2008
1448,0,0,162,0,1,0,0,0,0,0,2007
1449,0,0,162,0,0,0,0,0,0,0,2006
1450,0,0,163,0,0,0,0,0,1,0,2015
1451,0,0,163,1,0,0,0,0,0,0,2014
1452,0,0,163,0,0,0,0,0,0,0,2013
1453,0,0,163,0,0,0,0,0,0,0,2012
1454,0,0,163,1,0,0,0,0,0,0,2011
1455,0,0,163,0,0,0,0,0,0,0,2010
1456,0,0,163,0,0,0,1,0,0,0,2009
1457,0,0,163,0,0,0,0,0,0,0,2008
1458,0,0,163,0,0,0,0,0,0,0,2007
1459,0,0,163,1,0,0,0,0,0,0,2006
1460,0,0,165,3,0,0,3,0,2,0,2015
1461,0,0,165,3,0,0,0,0,0,0,2014
1462,0,1,165,1,0,0,0,0,0,0,2013
1463,0,0,165,1,0,0,1,0,0,0,2012
1464,0,0,165,1,0,0,0,0,0,0,2011
1465,0,0,165,1,0,0,0,0,0,0,2010
1466,0,0,165,1,0,0,0,0,0,0,2009
1467,0,0,165,1,1,0,0,0,0,0,2008
1468,0,0,165,0,0,0,1,0,0,0,2007
1469,0,0,165,1,0,0,3,0,0,0,2006
1470,0,0,166,0,0,0,0,0,0,0,2015
1471,0,0,166,1,0,0,0,0,0,0,2014
1472,0,0,166,0,0,0,1,0,0,0,2013
1473,0,0,166,1,0,0,0,0,0,0,2012
1474,0,0,166,1,0,0,0,0,2,0,2011
1475,0,0,166,0,0,0,0,0,0,0,2010
1476,0,0,166,0,0,0,0,0,0,0,2009
1477,0,0,166,0,0,0,0,0,0,0,2008
1478,0,0,166,0,0,0,0,0,0,0,2007
1479,0,0,166,0,0,0,0,0,0,0,2006
1480,0,0,168,0,0,0,0,0,0,0,2015
1481,0,0,168,0,0,0,0,0,0,0,2014
1482,0,0,168,0,0,0,0,0,0,0,2013
1483,0,0,168,0,0,0,0,0,0,0,2012
1484,0,0,168,0,0,0,0,0,0,0,2011
1485,0,0,168,0,0,0,0,0,0,0,2010
1486,0,0,168,0,0,0,1,0,0,0,2009
1487,0,0,168,0,0,0,0,0,0,0,2008
1488,0,0,168,0,0,0,0,0,0,0,2007
1489,0,0,168,0,0,0,0,0,0,0,2006
1490,0,0,170,3,0,0,0,0,0,0,2015
1491,0,0,170,3,0,0,1,0,1,0,2014
1492,0,0,170,2,0,0,3,0,0,0,2013
1493,0,0,170,3,0,0,1,0,1,0,2012
1494,1,0,170,2,0,0,1,0,0,0,2011
1495,2,0,170,5,0,0,0,0,0,0,2010
1496,0,0,170,2,0,0,1,0,0,0,2009
1497,0,0,170,3,0,0,1,0,0,0,2008
1498,0,0,170,6,0,0,0,0,3,0,2007
1499,0,0,170,3,0,0,4,0,2,0,2006
1500,0,0,171,0,0,0,0,0,0,0,2015
1501,0,0,171,0,0,0,0,0,0,0,2014
1502,0,0,171,0,0,0,0,0,0,0,2013
1503,0,0,171,1,0,0,0,0,0,0,2012
1504,0,0,171,0,0,0,0,0,0,0,2011
1505,0,0,171,0,0,0,1,0,0,0,2010
1506,0,0,171,0,0,0,0,0,0,0,2009
1507,0,0,171,0,0,0,0,0,0,0,2008
1508,0,0,171,0,0,0,0,0,0,0,2007
1509,0,0,171,0,0,0,0,0,0,0,2006
1510,0,0,172,1,0,0,0,0,0,0,2015
1511,0,0,172,0,0,0,0,0,0,0,2014
1512,0,0,172,0,0,0,0,0,0,0,2013
1513,0,0,172,0,0,0,0,0,0,0,2012
1514,0,0,172,0,0,0,0,0,0,0,2011
1515,0,0,172,0,0,0,0,0,0,0,2010
1516,0,0,172,0,0,0,0,0,0,0,2009
1517,0,0,172,0,0,0,0,0,1,0,2008
1518,0,0,172,0,0,0,0,0,0,0,2007
1519,0,0,172,0,0,0,0,0,0,0,2006
1520,0,0,174,1,0,0,0,0,0,0,2015
1521,0,0,174,0,0,0,1,0,0,0,2014
1522,0,0,174,1,0,0,0,0,0,0,2013
1523,0,0,174,0,0,0,0,0,0,0,2012
1524,0,0,174,0,0,0,0,0,0,0,2011
1525,0,0,174,0,0,0,1,0,0,0,2010
1526,0,0,174,3,0,0,0,0,4,0,2009
1527,0,0,174,1,0,0,0,0,0,0,2008
1528,0,0,174,0,0,0,4,0,0,0,2007
1529,0,0,174,1,0,0,0,0,0,0,2006
1530,0,0,178,4,1,0,3,0,3,0,2015
1531,0,0,178,5,0,0,5,0,3,0,2014
1532,0,0,178,5,0,0,0,0,2,0,2013
1533,0,2,178,4,0,0,0,0,4,0,2012
1534,0,0,178,1,0,0,3,0,0,0,2011
1535,0,0,178,1,0,0,1,0,0,0,2010
1536,0,0,178,2,0,0,2,0,1,0,2009
1537,0,0,178,4,0,0,1,0,0,0,2008
1538,0,0,178,3,0,0,1,0,1,0,2007
1539,0,0,178,1,0,0,2,0,1,0,2006
1540,0,0,181,1,0,0,1,0,0,0,2015
1541,0,0,181,0,0,0,0,0,0,0,2014
1542,0,0,181,3,0,0,0,0,0,0,2013
1543,0,0,181,1,0,0,0,0,0,0,2012
1544,0,0,181,0,0,0,0,0,0,0,2011
1545,0,0,181,0,0,0,0,0,1,0,2010
1546,0,0,181,1,0,0,1,0,0,0,2009
1547,0,0,181,0,0,0,0,0,0,0,2008
1548,0,0,181,1,0,0,0,0,0,0,2007
1549,0,0,181,0,0,0,0,0,0,0,2006
1550,0,0,183,1,0,0,0,0,0,0,2015
1551,0,0,183,1,0,0,0,0,0,0,2014
1552,0,0,183,0,0,0,0,0,0,0,2013
1553,0,0,183,0,0,0,0,0,0,0,2012
1554,0,0,183,0,0,0,0,0,0,0,2011
1555,0,0,183,2,0,0,0,0,0,0,2010
1556,0,0,183,0,0,0,0,0,0,0,2009
1557,0,0,183,1,0,0,0,0,0,0,2008
1558,0,0,183,0,0,0,1,0,0,0,2007
1559,0,0,183,2,0,0,0,0,0,0,2006
1560,0,0,184,0,0,0,1,0,0,0,2015
1561,0,0,184,0,0,0,0,0,0,0,2014
1562,0,0,184,2,0,0,1,0,0,0,2013
1563,0,0,184,0,0,0,0,0,0,0,2012
1564,0,0,184,0,0,0,1,0,0,0,2011
1565,0,0,184,2,0,0,1,0,0,0,2010
1566,0,0,184,0,0,0,0,0,0,0,2009
1567,0,0,184,0,0,0,0,0,0,0,2008
1568,0,0,184,0,0,0,1,0,0,0,2007
1569,0,0,184,1,0,0,0,0,0,0,2006
1570,0,0,185,0,0,0,0,0,0,0,2015
1571,0,0,185,0,0,0,0,0,0,0,2014
1572,0,0,185,0,0,0,0,0,0,0,2013
1573,0,0,185,0,0,0,0,0,0,0,2012
1574,0,0,185,0,0,0,0,0,0,0,2011
1575,0,0,185,0,0,0,0,0,0,0,2010
1576,0,0,185,0,0,0,0,0,0,0,2009
1577,0,0,185,0,0,0,0,0,0,0,2008
1578,0,0,185,0,0,0,0,0,0,0,2007
1579,0,0,185,0,0,0,0,0,0,0,2006
1580,0,0,186,0,0,0,0,0,0,0,2015
1581,0,0,186,0,0,0,0,0,0,0,2014
1582,0,0,186,0,0,0,0,0,0,0,2013
1583,0,0,186,1,0,0,0,0,0,0,2012
1584,0,0,186,1,0,0,0,0,0,0,2011
1585,0,0,186,1,0,0,0,0,0,0,2010
1586,0,0,186,0,0,0,0,0,0,0,2009
1587,0,1,186,0,0,0,0,0,0,0,2008
1588,0,0,186,1,0,0,0,0,0,0,2007
1589,0,0,186,0,0,0,0,0,0,0,2006
1590,0,0,187,1,0,0,0,0,0,0,2015
1591,0,0,187,0,0,0,0,0,0,0,2014
1592,0,0,187,0,0,0,0,0,0,0,2013
1593,0,0,187,0,0,0,0,0,0,0,2012
1594,0,0,187,1,0,0,0,0,0,0,2011
1595,0,0,187,1,0,0,1,0,0,0,2010
1596,0,0,187,0,0,0,0,0,1,0,2009
1597,0,0,187,1,0,0,0,0,0,0,2008
1598,0,0,187,0,0,0,0,0,0,0,2007
1599,0,0,187,0,0,0,0,0,0,0,2006
1600,0,0,188,6,0,0,3,0,0,0,2015
1601,0,0,188,2,0,0,1,0,0,0,2014
1602,0,0,188,2,0,0,0,0,0,0,2013
1603,0,0,188,2,0,0,1,0,0,0,2012
1604,0,0,188,1,6,0,1,0,0,0,2011
1605,0,0,188,6,2,0,0,0,0,0,2010
1606,0,0,188,0,0,0,3,0,1,0,2009
1607,0,0,188,1,0,0,2,0,0,0,2008
1608,0,0,188,1,0,0,5,0,0,0,2007
1609,0,0,188,0,0,0,3,0,0,0,2006
1610,0,0,191,0,0,0,0,0,0,0,2015
1611,0,0,191,0,0,0,0,0,0,0,2014
1612,0,0,191,0,0,0,0,0,0,0,2013
1613,0,0,191,0,0,0,0,0,0,0,2012
1614,0,0,191,0,0,0,0,0,0,0,2011
1615,0,0,191,0,0,0,0,0,0,0,2010
1616,0,0,191,0,0,0,1,0,0,0,2009
1617,0,0,191,0,0,0,0,0,0,0,2008
1618,0,0,191,0,0,0,0,0,0,0,2007
1619,0,0,191,0,0,0,0,0,0,0,2006
1620,0,0,194,0,0,0,0,0,0,0,2015
1621,0,0,194,0,0,0,0,0,0,0,2014
1622,0,0,194,0,0,0,0,0,0,0,2013
1623,0,0,194,0,0,0,0,0,0,0,2012
1624,0,0,194,0,0,0,0,0,0,0,2011
1625,0,0,194,0,0,0,0,0,0,0,2010
1626,0,0,194,0,0,0,0,0,0,0,2009
1627,0,0,194,0,0,0,0,0,0,0,2008
1628,0,0,194,0,0,0,0,0,0,0,2007
1629,0,0,194,0,0,0,0,0,0,0,2006
1630,0,0,195,0,0,0,1,0,0,0,2015
1631,0,0,195,0,0,0,0,0,0,0,2014
1632,0,0,195,0,0,0,0,0,0,0,2013
1633,0,0,195,1,0,0,0,0,0,0,2012
1634,0,0,195,0,0,0,0,0,0,0,2011
1635,0,0,195,0,0,0,0,0,0,0,2010
1636,0,0,195,0,0,0,0,0,0,0,2009
1637,0,0,195,0,0,0,1,0,0,0,2008
1638,0,0,195,0,0,0,0,0,0,0,2007
1639,0,0,195,0,0,0,0,0,0,0,2006
1640,0,0,200,0,0,0,0,0,0,0,2015
1641,0,0,200,0,0,0,0,0,0,0,2014
1642,0,0,200,0,0,0,0,0,0,0,2013
1643,0,0,200,0,0,0,0,0,0,0,2012
1644,0,0,200,0,0,0,0,0,0,0,2011
1645,0,0,200,0,0,0,0,0,0,0,2010
1646,0,0,200,0,0,0,0,0,0,0,2009
1647,0,0,200,0,0,0,0,0,0,0,2008
1648,0,0,200,0,0,0,0,0,0,0,2007
1649,0,0,200,0,0,0,0,0,0,0,2006
1650,0,0,201,0,0,0,0,0,0,0,2015
1651,0,0,201,1,0,0,0,0,0,0,2014
1652,0,0,201,0,0,0,0,0,0,0,2013
1653,0,0,201,0,0,0,0,0,0,0,2012
1654,0,0,201,1,0,0,0,0,0,0,2011
1655,0,1,201,1,0,0,2,0,0,0,2010
1656,0,0,201,1,0,0,0,0,0,0,2009
1657,0,0,201,0,0,0,2,0,0,0,2008
1658,0,0,201,0,0,0,0,0,0,0,2007
1659,0,0,201,0,0,0,1,0,0,0,2006
1660,0,0,210,3,0,0,0,0,0,0,2015
1661,0,0,210,0,0,0,1,0,0,0,2014
1662,0,0,210,0,0,0,1,0,0,0,2013
1663,0,0,210,2,0,0,0,0,2,0,2012
1664,0,0,210,0,0,0,1,0,0,0,2011
1665,0,0,210,1,0,0,0,0,1,0,2010
1666,0,0,210,1,0,0,0,0,0,0,2009
1667,0,0,210,1,0,0,0,0,0,0,2008
1668,0,0,210,0,0,0,0,0,1,0,2007
1669,0,0,210,0,0,0,0,0,0,0,2006
1670,0,0,212,3,0,0,0,0,0,0,2015
1671,0,0,212,2,1,0,1,0,0,0,2014
1672,0,0,212,2,0,0,0,0,0,0,2013
1673,0,1,212,1,0,0,0,0,0,0,2012
1674,0,0,212,1,0,0,1,0,0,0,2011
1675,0,0,212,3,0,0,2,0,0,0,2010
1676,0,0,212,1,0,0,0,0,0,0,2009
1677,0,0,212,4,0,0,2,0,0,0,2008
1678,0,0,212,1,0,0,2,0,1,0,2007
1679,0,0,212,1,0,0,2,0,0,0,2006
1680,0,0,213,0,0,0,0,0,0,0,2015
1681,0,0,213,0,0,0,0,0,0,0,2014
1682,0,0,213,0,0,0,0,0,0,0,2013
1683,0,0,213,0,0,0,0,0,0,0,2012
1684,0,0,213,0,0,0,0,0,0,0,2011
1685,0,0,213,0,0,0,0,0,0,0,2010
1686,0,0,213,0,0,0,0,0,0,0,2009
1687,0,0,213,0,0,0,0,0,0,0,2008
1688,0,0,213,0,0,0,0,0,0,0,2007
1689,0,0,213,0,0,0,1,0,0,0,2006
1690,0,0,214,1,0,0,0,0,0,0,2015
1691,0,0,214,0,0,0,0,0,0,0,2014
1692,0,0,214,0,0,0,0,0,0,0,2013
1693,0,0,214,0,0,0,0,0,0,0,2012
1694,0,0,214,1,0,0,0,0,0,0,2011
1695,0,0,214,0,0,0,0,0,0,0,2010
1696,0,0,214,0,0,0,0,0,0,0,2009
1697,0,0,214,1,0,0,1,0,0,0,2008
1698,0,0,214,1,0,0,0,0,0,0,2007
1699,0,0,214,0,0,0,1,0,1,0,2006
1700,0,0,220,5,1,0,8,0,4,0,2015
1701,0,0,220,6,11,0,15,0,1,0,2014
1702,0,0,220,11,0,0,19,0,1,0,2013
1703,0,3,220,13,1,0,10,0,1,0,2012
1704,0,0,220,6,0,0,8,0,9,0,2011
1705,0,8,220,20,4,0,17,0,5,0,2010
1706,0,0,220,13,0,0,11,0,4,0,2009
1707,0,0,220,13,0,0,7,0,9,0,2008
1708,0,3,220,8,4,0,8,0,3,0,2007
1709,0,0,220,9,2,0,20,0,3,0,2006
1710,0,0,221,0,0,0,0,0,0,0,2015
1711,0,0,221,1,0,0,0,0,0,0,2014
1712,0,0,221,0,0,0,0,0,0,0,2013
1713,0,0,221,0,0,0,1,0,0,0,2012
1714,0,0,221,0,0,0,2,0,0,0,2011
1715,0,0,221,1,0,0,0,0,0,0,2010
1716,0,0,221,0,0,0,3,0,0,0,2009
1717,0,0,221,1,0,0,1,0,0,0,2008
1718,0,0,221,3,0,0,3,0,0,0,2007
1719,0,0,221,0,0,0,1,0,0,0,2006
1720,0,0,223,0,0,0,0,0,0,0,2015
1721,0,0,223,0,0,0,1,0,0,0,2014
1722,0,0,223,0,0,0,1,0,0,0,2013
1723,0,0,223,0,0,0,0,0,0,0,2012
1724,0,0,223,0,0,0,0,0,0,0,2011
1725,0,0,223,0,0,0,0,0,0,0,2010
1726,0,0,223,0,0,0,0,0,0,0,2009
1727,0,0,223,0,0,0,0,0,0,0,2008
1728,0,0,223,0,0,0,0,0,0,0,2007
1729,0,0,223,0,0,0,0,0,0,0,2006
1730,0,4,226,0,0,0,0,0,0,0,2015
1731,0,0,226,1,0,0,4,0,0,0,2014
1732,0,0,226,1,0,0,2,0,0,0,2013
1733,0,0,226,1,0,0,1,0,0,0,2012
1734,0,0,226,0,0,0,0,0,0,0,2011
1735,0,0,226,1,0,0,0,0,0,0,2010
1736,0,0,226,3,0,0,1,0,0,0,2009
1737,0,0,226,1,0,0,1,0,0,0,2008
1738,0,0,226,0,0,0,0,0,0,0,2007
1739,0,0,226,0,0,0,1,0,0,0,2006
1740,0,0,227,5,0,0,0,0,0,0,2015
1741,1,0,227,1,0,0,4,0,3,0,2014
1742,0,0,227,10,0,0,2,0,3,0,2013
1743,0,0,227,8,0,0,0,0,2,0,2012
1744,0,0,227,6,0,0,4,0,3,0,2011
1745,0,3,227,7,0,0,6,0,6,0,2010
1746,0,1,227,2,0,0,2,0,1,0,2009
1747,0,0,227,6,0,0,3,0,0,0,2008
1748,0,0,227,0,0,0,2,0,10,0,2007
1749,0,2,227,3,0,0,2,0,4,0,2006
1750,0,0,228,1,0,0,0,0,0,0,2015
1751,0,0,228,0,0,0,0,0,0,0,2014
1752,0,0,228,0,0,0,0,0,0,0,2013
1753,0,0,228,0,0,0,0,0,0,0,2012
1754,0,0,228,0,0,0,0,0,0,0,2011
1755,0,0,228,1,0,0,0,0,0,0,2010
1756,0,0,228,0,0,0,0,0,0,0,2009
1757,0,0,228,0,0,0,0,0,0,0,2008
1758,0,0,228,0,0,0,0,0,0,0,2007
1759,0,0,228,0,0,0,0,0,0,0,2006
1760,0,0,230,1,0,0,0,0,0,0,2015
1761,0,0,230,1,0,0,0,0,0,0,2014
1762,0,0,230,1,0,0,0,0,0,0,2013
1763,0,0,230,0,0,0,0,0,0,0,2012
1764,0,0,230,1,0,0,0,0,0,0,2011
1765,0,0,230,0,0,0,1,0,0,0,2010
1766,0,0,230,0,0,0,0,0,0,0,2009
1767,0,0,230,0,0,0,0,0,0,0,2008
1768,0,0,230,0,0,0,0,0,0,0,2007
1769,0,0,230,0,0,0,0,0,0,0,2006
1770,0,0,232,0,0,0,0,0,0,0,2015
1771,0,0,232,0,0,0,0,0,0,0,2014
1772,0,0,232,0,0,0,0,0,0,0,2013
1773,0,0,232,1,0,0,1,0,0,0,2012
1774,0,0,232,1,0,0,0,0,0,0,2011
1775,0,0,232,0,0,0,0,0,0,0,2010
1776,0,0,232,0,0,0,0,0,0,0,2009
1777,0,0,232,0,0,0,0,0,0,0,2008
1778,0,0,232,0,0,0,0,0,0,0,2007
1779,0,0,232,0,0,0,0,0,3,0,2006
1780,0,0,233,1,0,0,0,0,0,0,2015
1781,0,0,233,0,0,0,0,0,0,0,2014
1782,0,0,233,0,0,0,0,0,0,0,2013
1783,0,0,233,0,0,0,0,0,0,0,2012
1784,0,0,233,0,0,0,0,0,0,0,2011
1785,0,0,233,0,0,0,1,0,0,0,2010
1786,0,0,233,1,0,0,1,0,0,0,2009
1787,0,0,233,1,0,0,0,0,0,0,2008
1788,0,0,233,0,0,0,0,0,0,0,2007
1789,0,0,233,0,0,0,0,0,0,0,2006
1790,0,0,235,2,1,0,0,0,0,0,2015
1791,0,0,235,1,0,0,0,0,0,0,2014
1792,0,0,235,0,0,0,0,0,1,0,2013
1793,0,0,235,1,0,0,0,0,0,0,2012
1794,0,0,235,0,0,0,0,0,0,0,2011
1795,0,0,235,1,0,0,2,0,0,0,2010
1796,0,0,235,0,0,0,0,0,0,0,2009
1797,0,0,235,0,0,0,0,0,0,0,2008
1798,0,0,235,1,0,0,0,0,0,0,2007
1799,0,0,235,3,0,0,1,0,0,0,2006
1800,0,2,236,0,0,0,0,0,0,0,2015
1801,0,0,236,0,0,0,0,0,0,0,2014
1802,0,0,236,0,0,0,1,0,0,0,2013
1803,0,0,236,1,0,0,0,0,0,0,2012
1804,0,0,236,0,0,0,1,0,4,0,2011
1805,0,0,236,1,0,0,0,0,0,0,2010
1806,0,0,236,1,0,0,0,0,0,0,2009
1807,0,0,236,0,0,0,0,0,0,0,2008
1808,0,0,236,0,0,0,0,0,0,0,2007
1809,0,0,236,0,0,0,1,0,0,0,2006
1810,0,0,237,1,0,0,0,0,0,0,2015
1811,0,0,237,0,0,0,0,0,1,0,2014
1812,0,0,237,0,0,0,0,0,0,0,2013
1813,0,0,237,0,0,0,2,0,1,0,2012
1814,0,0,237,1,0,0,0,0,0,0,2011
1815,0,0,237,2,0,0,1,0,0,0,2010
1816,0,0,237,0,0,0,3,0,1,0,2009
1817,0,0,237,0,0,0,0,0,2,0,2008
1818,0,0,237,0,0,0,0,0,0,0,2007
1819,0,0,237,1,0,0,0,0,0,0,2006
1820,0,0,238,0,0,0,0,0,0,0,2015
1821,0,0,238,0,0,0,0,0,0,0,2014
1822,0,0,238,0,0,0,0,0,0,0,2013
1823,0,0,238,0,0,0,1,0,0,0,2012
1824,0,0,238,0,0,0,0,0,0,0,2011
1825,0,0,238,0,0,0,0,0,0,0,2010
1826,0,0,238,0,0,0,0,0,0,0,2009
1827,0,0,238,0,0,0,0,0,0,0,2008
1828,0,0,238,0,0,0,0,0,0,0,2007
1829,0,0,238,0,0,0,0,0,0,0,2006
1830,0,0,240,2,0,0,2,0,0,0,2015
1831,0,0,240,5,0,0,2,0,0,0,2014
1832,0,0,240,0,0,0,0,0,0,0,2013
1833,0,0,240,1,0,0,2,0,0,0,2012
1834,0,0,240,2,0,0,1,0,0,0,2011
1835,0,0,240,1,0,0,0,0,0,0,2010
1836,0,0,240,1,0,0,1,0,2,0,2009
1837,0,0,240,2,0,0,0,0,0,0,2008
1838,0,0,240,0,0,0,1,0,0,0,2007
1839,0,0,240,1,0,0,2,0,0,0,2006
1840,0,0,241,1,0,0,0,0,0,0,2015
1841,0,0,241,2,0,0,0,0,0,0,2014
1842,0,0,241,2,0,0,0,0,0,0,2013
1843,0,0,241,1,0,0,0,0,0,0,2012
1844,0,0,241,0,0,0,0,0,0,0,2011
1845,0,0,241,0,0,0,0,0,0,0,2010
1846,0,1,241,0,0,0,0,0,0,0,2009
1847,0,0,241,0,0,0,0,0,0,0,2008
1848,0,0,241,0,0,0,0,0,0,0,2007
1849,0,0,241,0,0,0,1,0,0,0,2006
1850,0,0,243,0,0,0,0,0,0,0,2015
1851,0,0,243,1,0,0,0,0,1,0,2014
1852,0,1,243,1,0,0,0,0,5,0,2013
1853,0,1,243,1,0,0,0,0,2,0,2012
1854,0,0,243,0,0,0,0,0,0,0,2011
1855,0,2,243,2,0,0,0,0,0,0,2010
1856,0,0,243,2,0,0,1,0,0,0,2009
1857,0,0,243,0,0,0,0,0,0,0,2008
1858,0,0,243,1,0,0,0,0,0,0,2007
1859,0,0,243,1,0,0,0,0,1,0,2006
1860,0,0,246,2,0,0,1,0,4,0,2015
1861,0,0,246,1,0,0,2,0,0,0,2014
1862,0,0,246,1,0,0,1,0,0,0,2013
1863,0,0,246,1,0,0,0,0,0,0,2012
1864,0,0,246,3,0,0,1,0,0,0,2011
1865,0,0,246,2,0,0,0,0,2,0,2010
1866,0,0,246,2,0,0,0,0,0,0,2009
1867,0,0,246,1,0,0,3,0,0,0,2008
1868,0,0,246,1,0,0,0,0,0,0,2007
1869,0,0,246,1,0,0,0,0,0,0,2006
1870,0,0,248,0,0,0,0,0,0,0,2015
1871,0,0,248,0,0,0,0,0,0,0,2014
1872,0,0,248,0,0,0,0,0,0,0,2013
1873,0,0,248,0,0,0,0,0,0,0,2012
1874,0,0,248,0,0,0,0,0,0,0,2011
1875,0,0,248,0,0,0,0,0,0,0,2010
1876,0,0,248,0,0,0,0,0,0,0,2009
1877,0,0,248,0,0,0,0,0,0,0,2008
1878,0,0,248,0,0,0,0,0,0,0,2007
1879,0,0,248,0,0,0,0,0,0,0,2006
1880,0,0,249,1,0,0,0,0,0,0,2015
1881,0,0,249,0,0,0,0,0,0,0,2014
1882,0,0,249,1,0,0,0,0,0,0,2013
1883,0,0,249,1,0,0,0,0,0,0,2012
1884,0,0,249,2,0,0,0,0,0,0,2011
1885,0,0,249,0,0,0,0,0,0,0,2010
1886,0,0,249,0,0,0,0,0,0,0,2009
1887,0,0,249,0,0,0,0,0,0,0,2008
1888,0,0,249,1,0,0,0,0,0,0,2007
1889,0,0,249,0,0,0,0,0,0,0,2006
1890,0,0,252,0,0,0,0,0,0,0,2015
1891,0,0,252,0,0,0,0,0,0,0,2014
1892,0,0,252,0,0,0,0,0,0,0,2013
1893,0,0,252,0,0,0,0,0,0,0,2012
1894,0,0,252,0,0,0,1,0,0,0,2011
1895,0,0,252,0,0,0,0,0,0,0,2010
1896,0,0,252,0,0,0,0,0,0,0,2009
1897,0,0,252,1,0,0,0,0,0,0,2008
1898,0,0,252,0,0,0,0,0,0,0,2007
1899,0,0,252,0,0,0,0,0,0,0,2006
1900,0,0,253,0,0,0,1,0,0,0,2015
1901,0,0,253,0,0,0,0,0,0,0,2014
1902,0,0,253,0,0,0,0,0,0,0,2013
1903,0,0,253,0,0,0,0,0,0,0,2012
1904,0,0,253,0,0,0,0,0,0,0,2011
1905,0,0,253,0,0,0,0,0,0,0,2010
1906,0,0,253,0,0,0,0,0,0,0,2009
1907,0,0,253,0,0,0,0,0,0,0,2008
1908,0,0,253,0,0,0,0,0,0,0,2007
1909,0,0,253,0,0,0,0,0,0,0,2006
1910,0,0,121,0,0,0,0,0,0,0,2015
1911,0,0,121,1,0,0,0,0,0,0,2014
1912,0,0,121,1,0,0,2,0,0,0,2013
1913,0,0,121,6,0,0,3,0,0,0,2012
1914,0,4,121,1,0,0,1,0,0,0,2011
1915,0,0,121,1,0,0,6,0,2,0,2010
1916,0,0,121,0,0,0,1,0,4,0,2009
1917,0,0,121,0,0,0,5,0,2,0,2008
1918,0,0,121,0,0,0,1,0,0,0,2007
1919,0,0,121,1,0,0,0,0,0,0,2006
1920,0,0,127,0,0,0,0,0,0,0,2015
1921,0,0,127,2,0,0,0,0,0,0,2014
1922,0,0,127,2,0,0,0,0,0,0,2013
1923,0,2,127,0,0,0,2,0,0,0,2012
1924,0,0,127,0,0,0,0,0,0,0,2011
1925,0,0,127,0,0,0,1,0,0,0,2010
1926,0,0,127,0,0,0,0,0,1,0,2009
1927,0,0,127,0,0,0,0,0,0,0,2008
1928,0,0,127,0,0,0,0,0,0,0,2007
1929,0,0,127,0,0,0,0,0,0,0,2006
1930,0,0,138,0,0,0,0,0,0,0,2015
1931,0,0,138,0,0,0,0,0,2,0,2014
1932,0,0,138,1,0,0,0,0,1,0,2013
1933,0,0,138,2,0,0,0,0,0,0,2012
1934,0,0,138,0,0,0,0,0,0,0,2011
1935,0,0,138,0,0,0,0,0,0,0,2010
1936,0,0,138,0,0,0,1,0,0,0,2009
1937,0,0,138,0,0,0,0,0,0,0,2008
1938,0,0,138,0,0,0,0,0,0,0,2007
1939,0,0,138,0,0,0,1,0,0,0,2006
1940,0,0,147,0,0,0,0,0,0,0,2015
1941,0,1,147,1,0,0,0,0,0,0,2014
1942,0,0,147,1,0,0,0,0,2,0,2013
1943,0,0,147,0,0,0,1,0,0,0,2012
1944,0,0,147,3,0,0,3,0,0,0,2011
1945,0,2,147,1,0,0,0,0,1,0,2010
1946,0,0,147,5,0,0,0,0,3,0,2009
1947,0,1,147,2,0,0,1,0,1,0,2008
1948,0,0,147,0,0,0,1,0,0,0,2007
1949,0,0,147,0,0,0,0,0,0,0,2006
1950,0,0,154,0,0,0,0,0,0,0,2015
1951,0,0,154,0,0,0,0,0,0,0,2014
1952,0,0,154,0,0,0,0,0,0,0,2013
1953,0,0,154,1,0,0,0,0,0,0,2012
1954,0,0,154,0,0,0,0,0,0,0,2011
1955,0,0,154,0,0,0,0,0,0,0,2010
1956,0,0,154,0,0,0,0,0,0,0,2009
1957,0,0,154,2,0,0,0,0,0,0,2008
1958,0,0,154,0,0,0,0,0,0,0,2007
1959,0,0,154,0,0,0,0,0,0,0,2006
1960,0,0,156,0,0,0,0,0,0,0,2015
1961,0,0,156,0,0,0,0,0,0,0,2014
1962,0,0,156,0,0,0,0,0,0,0,2013
1963,0,0,156,0,0,0,0,0,0,0,2012
1964,0,0,156,0,0,0,0,0,0,0,2011
1965,0,0,156,0,0,0,0,0,0,0,2010
1966,0,0,156,0,0,0,0,0,0,0,2009
1967,0,0,156,0,0,0,1,0,0,0,2008
1968,0,0,156,1,0,0,0,0,0,0,2007
1969,0,0,156,0,0,0,0,0,0,0,2006
1970,0,0,115,0,0,0,0,0,0,0,2015
1971,0,0,115,0,0,0,1,0,0,0,2014
1972,0,0,115,0,0,0,0,0,0,0,2013
1973,0,0,115,0,0,0,0,0,2,0,2012
1974,0,0,115,0,0,0,0,0,0,0,2011
1975,0,0,115,0,0,0,0,0,0,0,2010
1976,0,0,115,0,0,0,0,0,0,0,2009
1977,0,0,115,0,0,0,0,0,1,0,2008
1978,0,0,115,0,0,0,1,0,0,0,2007
1979,0,0,115,0,0,0,0,0,0,0,2006
1980,0,0,116,0,0,0,0,0,0,0,2015
1981,0,0,116,0,0,0,2,0,0,0,2014
1982,0,0,116,0,0,0,0,0,0,0,2013
1983,0,0,116,1,0,0,1,0,0,0,2012
1984,0,0,116,2,0,0,4,0,0,0,2011
1985,0,0,116,1,0,0,0,0,0,0,2010
1986,0,0,116,0,0,0,0,0,0,0,2009
1987,0,0,116,1,0,0,0,0,1,0,2008
1988,0,1,116,0,0,0,1,0,0,0,2007
1989,0,0,116,1,0,0,2,0,0,0,2006
1990,0,0,134,0,0,0,0,0,0,0,2015
1991,0,0,134,0,0,0,0,0,0,0,2014
1992,0,0,134,0,0,0,0,0,0,0,2013
1993,0,0,134,0,0,0,0,0,0,0,2012
1994,0,0,134,0,0,0,0,0,0,0,2011
1995,0,0,134,1,0,0,0,0,0,0,2010
1996,0,0,134,1,0,0,0,0,0,0,2009
1997,0,0,134,0,0,0,0,0,0,0,2008
1998,0,0,134,0,0,0,0,0,0,0,2007
1999,0,0,134,0,0,0,0,0,0,0,2006
2000,0,0,142,0,0,0,0,0,0,0,2015
2001,0,0,142,0,0,0,0,0,0,0,2014
2002,0,0,142,1,0,0,0,0,0,0,2013
2003,0,0,142,0,0,0,0,0,0,0,2012
2004,0,0,142,0,0,0,0,0,3,0,2011
2005,0,0,142,0,0,0,0,0,0,0,2010
2006,0,0,142,0,0,0,0,0,0,0,2009
2007,0,0,142,0,0,0,0,0,0,0,2008
2008,0,0,142,0,0,0,0,0,0,0,2007
2009,0,0,142,0,0,0,0,0,0,0,2006
2010,0,0,158,0,0,0,0,0,0,0,2015
2011,0,0,158,0,0,0,0,0,0,0,2014
2012,0,0,158,0,0,0,0,0,0,0,2013
2013,0,0,158,0,0,0,0,0,0,0,2012
2014,0,0,158,0,0,0,0,0,1,0,2011
2015,0,0,158,0,0,0,0,0,0,0,2010
2016,0,0,158,0,0,0,0,0,0,0,2009
2017,0,0,158,0,0,0,0,0,0,0,2008
2018,0,0,158,0,0,0,0,0,0,0,2007
2019,0,0,158,0,0,0,0,0,0,0,2006
2020,0,0,169,0,0,0,0,0,0,0,2015
2021,0,0,169,1,0,0,0,0,0,0,2014
2022,0,0,169,0,0,0,0,0,0,0,2013
2023,0,0,169,0,0,0,0,0,0,0,2012
2024,0,0,169,0,0,0,0,0,0,0,2011
2025,0,0,169,0,0,0,0,0,0,0,2010
2026,0,0,169,0,0,0,0,0,0,0,2009
2027,0,0,169,0,0,0,0,0,0,0,2008
2028,0,0,169,0,0,0,0,0,0,0,2007
2029,0,0,169,0,0,0,0,0,0,0,2006
2030,0,0,176,0,0,0,0,0,0,0,2015
2031,0,0,176,0,0,0,0,0,0,0,2014
2032,0,0,176,0,0,0,0,0,0,0,2013
2033,0,0,176,0,0,0,0,0,0,0,2012
2034,0,0,176,0,0,0,0,0,0,0,2011
2035,0,0,176,0,0,0,0,0,0,0,2010
2036,0,0,176,1,0,0,0,0,0,0,2009
2037,0,0,176,1,0,0,0,0,0,0,2008
2038,0,0,176,0,0,0,0,0,0,0,2007
2039,0,0,176,0,0,0,0,0,0,0,2006
2040,0,0,202,0,0,0,0,0,0,0,2015
2041,0,0,202,0,0,0,1,0,0,0,2014
2042,0,0,202,0,0,0,0,0,0,0,2013
2043,0,0,202,0,0,0,0,0,0,0,2012
2044,0,0,202,0,0,0,0,0,0,0,2011
2045,0,0,202,0,0,0,1,0,0,0,2010
2046,0,0,202,0,0,0,0,0,0,0,2009
2047,0,0,202,0,0,0,0,0,0,0,2008
2048,0,0,202,1,0,0,0,0,0,0,2007
2049,0,0,202,0,0,0,0,0,0,0,2006
2050,0,0,203,0,0,0,0,0,0,0,2015
2051,0,0,203,1,0,0,0,0,0,0,2014
2052,0,0,203,0,0,0,0,0,0,0,2013
2053,0,0,203,0,0,0,0,0,0,0,2012
2054,0,0,203,0,0,0,0,0,0,0,2011
2055,0,0,203,0,0,0,0,0,0,0,2010
2056,0,0,203,0,0,0,0,0,0,0,2009
2057,0,0,203,0,0,0,0,0,0,0,2008
2058,0,0,203,0,0,0,0,0,0,0,2007
2059,0,0,203,1,0,0,0,0,0,0,2006
2060,0,0,208,0,0,0,0,0,0,0,2015
2061,0,0,208,0,0,0,0,0,0,0,2014
2062,0,0,208,0,0,0,0,0,0,0,2013
2063,0,0,208,1,0,0,0,0,0,0,2012
2064,0,0,208,0,0,0,0,0,0,0,2011
2065,0,0,208,0,0,0,2,0,0,0,2010
2066,0,0,208,0,0,0,0,0,0,0,2009
2067,0,0,208,0,0,0,0,0,0,0,2008
2068,0,0,208,0,0,0,0,0,0,0,2007
2069,0,0,208,1,0,0,2,0,0,0,2006
2070,0,0,229,0,0,0,0,0,0,0,2015
2071,0,0,229,1,0,0,0,0,0,0,2014
2072,0,0,229,1,0,0,0,0,0,0,2013
2073,0,0,229,1,0,0,0,0,0,0,2012
2074,0,0,229,0,0,0,0,0,0,0,2011
2075,0,0,229,0,0,0,1,0,0,0,2010
2076,0,0,229,0,0,0,0,0,0,0,2009
2077,0,0,229,1,0,0,0,0,0,0,2008
2078,0,0,229,1,0,0,0,0,0,0,2007
2079,0,0,229,1,0,0,0,0,0,0,2006
2080,0,0,234,0,0,0,0,0,0,0,2015
2081,0,0,234,0,0,0,0,0,0,0,2014
2082,0,0,234,1,0,0,0,0,0,0,2013
2083,0,0,234,0,0,0,1,0,0,0,2012
2084,0,0,234,0,0,0,0,0,0,0,2011
2085,0,0,234,0,0,0,0,0,0,0,2010
2086,0,0,234,1,0,0,0,0,0,0,2009
2087,0,0,234,0,0,0,0,0,0,0,2008
2088,0,0,234,2,0,0,0,0,0,0,2007
2089,0,0,234,0,0,0,0,0,0,0,2006
2090,0,0,239,0,0,0,0,0,0,0,2015
2091,0,0,239,1,0,0,0,0,0,0,2014
2092,0,0,239,0,0,0,0,0,0,0,2013
2093,0,0,239,0,0,0,0,0,0,0,2012
2094,0,0,239,0,0,0,0,0,0,0,2011
2095,0,0,239,0,0,0,0,0,0,0,2010
2096,0,0,239,0,0,0,0,0,0,0,2009
2097,0,0,239,1,0,0,1,0,0,0,2008
2098,0,0,239,2,0,0,0,0,0,0,2007
2099,0,0,239,0,0,0,0,0,0,0,2006
2100,0,0,245,0,0,0,0,0,0,0,2015
2101,0,0,245,0,0,0,0,0,2,0,2014
2102,0,0,245,0,0,0,0,0,0,0,2013
2103,0,0,245,0,0,0,0,0,0,0,2012
2104,0,0,245,0,0,0,0,0,0,0,2011
2105,0,0,245,0,0,0,0,0,0,0,2010
2106,0,0,245,1,0,0,0,0,0,0,2009
2107,0,0,245,0,0,0,0,0,0,0,2008
2108,0,0,245,0,0,0,0,0,0,0,2007
2109,0,0,245,0,0,0,0,0,0,0,2006
2110,0,0,250,0,0,0,0,0,0,0,2015
2111,0,0,250,1,0,0,1,0,0,0,2014
2112,0,0,250,1,0,0,0,0,0,0,2013
2113,0,0,250,1,0,0,0,0,0,0,2012
2114,0,0,250,0,0,0,0,0,0,0,2011
2115,0,0,250,0,0,0,0,0,0,0,2010
2116,0,0,250,0,0,0,1,0,0,0,2009
2117,0,0,250,0,0,0,0,0,0,0,2008
2118,0,0,250,0,0,0,1,0,0,0,2007
2119,0,0,250,1,0,0,0,0,0,0,2006
2120,0,0,153,0,0,0,0,0,0,0,2015
2121,0,0,153,0,0,0,0,0,0,0,2014
2122,0,0,153,0,0,0,0,0,0,0,2013
2123,0,0,153,0,0,0,0,0,0,0,2012
2124,0,0,153,0,0,0,0,0,0,0,2011
2125,0,0,153,0,0,0,0,0,0,0,2010
2126,0,0,153,0,0,0,0,0,0,0,2009
2127,0,0,153,0,0,0,0,0,0,0,2008
2128,0,0,153,0,0,0,0,0,0,0,2007
2129,0,0,153,0,0,0,0,0,0,0,2006
2130,0,0,149,0,0,0,0,0,0,0,2015
2131,0,0,149,0,0,0,0,0,0,0,2014
2132,0,0,149,0,0,0,0,0,0,0,2013
2133,0,0,149,0,0,0,0,0,0,0,2012
2134,0,0,149,0,0,0,0,0,0,0,2011
2135,0,0,149,0,0,0,0,0,0,0,2010
2136,0,0,149,0,0,0,0,0,0,0,2009
2137,0,0,149,0,0,0,0,0,0,0,2008
2138,0,0,149,0,0,0,0,0,0,0,2007
2139,0,0,149,0,0,0,1,0,0,0,2006
2140,0,0,175,0,0,0,0,0,0,0,2015
2141,0,0,175,0,0,0,0,0,0,0,2014
2142,0,0,175,1,0,0,1,0,0,0,2013
2143,0,0,175,0,0,0,0,0,0,0,2012
2144,0,0,175,0,0,0,0,0,0,0,2011
2145,0,0,175,0,0,0,0,0,0,0,2010
2146,0,0,175,1,0,0,0,0,0,0,2009
2147,0,0,175,0,0,0,0,0,0,0,2008
2148,0,0,175,0,0,0,1,0,0,0,2007
2149,0,0,175,0,0,0,1,0,1,0,2006
2150,0,0,196,0,0,0,0,0,0,0,2015
2151,0,0,196,0,0,0,0,0,0,0,2014
2152,0,0,196,0,0,0,0,0,0,0,2013
2153,0,0,196,0,0,0,0,0,0,0,2012
2154,0,0,196,0,0,0,0,0,0,0,2011
2155,0,0,196,0,0,0,0,0,0,0,2010
2156,0,0,196,0,0,0,0,0,0,0,2009
2157,0,0,196,0,0,0,0,0,0,0,2008
2158,0,0,196,0,0,0,0,0,0,0,2007
2159,0,0,196,0,0,0,0,0,0,0,2006
2160,0,0,198,0,0,0,0,0,0,0,2015
2161,0,0,198,0,0,0,0,0,0,0,2014
2162,0,0,198,1,0,0,0,0,0,0,2013
2163,0,0,198,0,0,0,0,0,0,0,2012
2164,0,0,198,0,0,0,0,0,0,0,2011
2165,0,0,198,1,0,0,0,0,0,0,2010
2166,0,0,198,0,0,0,0,0,0,0,2009
2167,0,0,198,0,0,0,0,0,0,0,2008
2168,0,0,198,0,0,0,0,0,0,0,2007
2169,0,0,198,0,0,0,0,0,0,0,2006
2170,0,0,199,0,0,0,0,0,0,0,2015
2171,0,0,199,0,0,0,0,0,0,0,2014
2172,0,0,199,1,0,0,0,0,0,0,2013
2173,0,0,199,0,0,0,0,0,0,0,2012
2174,0,0,199,0,0,0,0,0,0,0,2011
2175,0,0,199,1,0,0,0,0,0,0,2010
2176,0,0,199,0,0,0,0,0,0,0,2009
2177,0,0,199,0,0,0,0,0,0,0,2008
2178,0,0,199,0,0,0,0,0,0,0,2007
2179,0,0,199,0,0,0,0,0,0,0,2006
2180,0,0,204,0,0,0,0,0,0,0,2015
2181,0,0,204,0,0,0,0,0,0,0,2014
2182,0,0,204,1,0,0,0,0,0,0,2013
2183,0,0,204,0,0,0,0,0,0,0,2012
2184,0,0,204,0,0,0,0,0,0,0,2011
2185,0,0,204,1,0,0,0,0,0,0,2010
2186,0,0,204,0,0,0,1,0,0,0,2009
2187,0,0,204,0,0,0,0,0,0,0,2008
2188,0,1,204,1,0,0,0,0,0,0,2007
2189,0,0,204,0,0,0,0,0,0,0,2006
2190,0,0,209,0,0,0,0,0,0,0,2015
2191,0,0,209,0,0,0,0,0,0,0,2014
2192,0,0,209,0,0,0,0,0,0,0,2013
2193,0,0,209,0,0,0,0,0,0,0,2012
2194,0,0,209,0,0,0,0,0,0,0,2011
2195,0,0,209,0,0,0,0,0,0,0,2010
2196,0,0,209,0,0,0,0,0,0,0,2009
2197,0,0,209,0,0,0,0,0,0,0,2008
2198,0,0,209,0,0,0,0,0,0,0,2007
2199,0,0,209,0,0,0,0,0,0,0,2006
2200,0,0,219,0,0,0,0,0,0,0,2015
2201,0,0,219,0,0,0,0,0,0,0,2014
2202,0,0,219,1,0,0,0,0,0,0,2013
2203,0,0,219,0,0,0,0,0,0,0,2012
2204,0,0,219,0,0,0,0,0,0,0,2011
2205,0,0,219,0,0,0,0,0,0,0,2010
2206,0,0,219,0,0,0,0,0,0,0,2009
2207,0,0,219,1,0,0,0,0,0,0,2008
2208,0,0,219,0,0,0,0,0,0,0,2007
2209,0,0,219,0,0,0,0,0,0,0,2006
2210,0,0,242,0,0,0,0,0,0,0,2015
2211,0,0,242,0,0,0,0,0,0,0,2014
2212,0,0,242,0,0,0,0,0,0,0,2013
2213,0,0,242,0,0,0,0,0,0,0,2012
2214,0,0,242,0,0,0,0,0,0,0,2011
2215,0,0,242,1,0,0,0,0,0,0,2010
2216,0,0,242,0,0,0,0,0,0,0,2009
2217,0,0,242,0,0,0,0,0,0,0,2008
2218,0,0,242,0,0,0,1,0,0,0,2007
2219,0,0,242,0,0,0,0,0,0,0,2006
2220,0,0,251,0,0,0,0,0,0,0,2015
2221,0,0,251,0,0,0,0,0,0,0,2014
2222,0,0,251,0,0,0,1,0,0,0,2013
2223,0,0,251,0,0,0,0,0,0,0,2012
2224,0,0,251,0,0,0,0,0,0,0,2011
2225,0,0,251,0,0,0,0,0,0,0,2010
2226,0,0,251,1,0,0,0,0,0,0,2009
2227,0,0,251,0,0,0,0,0,0,0,2008
2228,0,0,251,0,0,0,0,0,0,0,2007
2229,0,0,251,0,0,0,0,0,0,0,2006
2230,0,0,124,0,0,0,0,0,0,0,2015
2231,0,0,124,0,0,0,0,0,0,0,2014
2232,0,0,124,0,0,0,0,0,0,0,2013
2233,0,0,124,1,0,0,0,0,0,0,2012
2234,0,0,124,0,0,0,0,0,0,0,2011
2235,0,0,124,0,0,0,0,0,0,0,2010
2236,0,0,124,0,0,0,0,0,0,0,2009
2237,0,0,124,0,0,0,0,0,0,0,2008
2238,0,0,124,0,0,0,0,0,0,0,2007
2239,0,0,124,0,0,0,0,0,0,0,2006
2240,0,0,130,0,0,0,0,0,0,0,2015
2241,0,0,130,0,0,0,0,0,0,0,2014
2242,0,0,130,0,0,0,0,0,0,0,2013
2243,0,0,130,1,0,0,0,0,0,0,2012
2244,0,0,130,2,0,0,0,0,0,0,2011
2245,0,0,130,0,0,0,0,0,0,0,2010
2246,0,0,130,0,0,0,0,0,0,0,2009
2247,0,0,130,0,0,0,0,0,0,0,2008
2248,0,0,130,0,0,0,0,0,2,0,2007
2249,0,0,130,1,0,0,1,0,0,0,2006
2250,0,0,145,0,0,0,0,0,0,0,2015
2251,0,0,145,0,0,0,0,0,0,0,2014
2252,0,0,145,0,0,0,0,0,0,0,2013
2253,0,0,145,1,0,0,0,0,0,0,2012
2254,0,0,145,0,0,0,0,0,1,0,2011
2255,0,0,145,0,0,0,0,0,0,0,2010
2256,0,0,145,0,0,0,0,0,0,0,2009
2257,0,0,145,0,0,0,0,0,0,0,2008
2258,0,0,145,0,0,0,1,0,0,0,2007
2259,0,0,145,0,0,0,0,0,0,0,2006
2260,0,0,140,0,0,0,0,0,0,0,2015
2261,0,0,140,0,0,0,0,0,0,0,2014
2262,0,0,140,0,0,0,0,0,0,0,2013
2263,0,0,140,1,0,0,0,0,0,0,2012
2264,0,0,140,0,0,0,0,0,0,0,2011
2265,0,0,140,0,0,0,0,0,1,0,2010
2266,0,0,140,0,0,0,0,0,0,0,2009
2267,0,0,140,0,0,0,0,0,0,0,2008
2268,0,0,140,0,0,0,0,0,0,0,2007
2269,0,0,140,0,0,0,0,0,0,0,2006
2270,0,0,182,0,0,0,0,0,0,0,2015
2271,0,0,182,0,0,0,0,0,0,0,2014
2272,0,0,182,0,0,0,0,0,0,0,2013
2273,0,0,182,1,0,0,0,0,0,0,2012
2274,0,0,182,0,0,0,1,0,0,0,2011
2275,0,0,182,0,0,0,1,0,0,0,2010
2276,0,0,182,0,0,0,1,0,0,0,2009
2277,0,0,182,0,0,0,0,0,0,0,2008
2278,0,0,182,0,0,0,0,0,0,0,2007
2279,0,0,182,0,0,0,0,0,0,0,2006
2280,0,0,193,0,0,0,0,0,0,0,2015
2281,0,0,193,0,0,0,0,0,0,0,2014
2282,0,0,193,0,0,0,0,0,0,0,2013
2283,0,0,193,0,0,0,1,0,0,0,2012
2284,0,0,193,0,0,0,0,0,0,0,2011
2285,0,0,193,0,0,0,0,0,0,0,2010
2286,0,0,193,0,0,0,0,0,0,0,2009
2287,0,0,193,0,0,0,0,0,0,0,2008
2288,0,0,193,0,0,0,0,0,0,0,2007
2289,0,0,193,0,0,0,0,0,0,0,2006
2290,0,0,206,0,0,0,0,0,0,0,2015
2291,0,0,206,0,0,0,0,0,0,0,2014
2292,0,0,206,0,0,0,0,0,0,0,2013
2293,0,0,206,0,0,0,0,0,0,0,2012
2294,0,0,206,0,0,0,0,0,0,0,2011
2295,0,0,206,0,0,0,0,0,0,0,2010
2296,0,0,206,0,0,0,1,0,0,0,2009
2297,0,0,206,0,0,0,0,0,0,0,2008
2298,0,0,206,0,0,0,0,0,0,0,2007
2299,0,0,206,0,0,0,0,0,0,0,2006
2300,0,0,244,0,0,0,0,0,0,0,2015
2301,0,0,244,0,0,0,0,0,0,0,2014
2302,0,0,244,0,0,0,0,0,0,0,2013
2303,0,0,244,0,0,0,0,0,0,0,2012
2304,0,0,244,0,0,0,0,0,0,0,2011
2305,0,0,244,0,0,0,0,0,0,0,2010
2306,0,0,244,0,0,0,2,0,0,0,2009
2307,0,0,244,0,0,0,0,0,0,0,2008
2308,0,0,244,0,0,0,0,0,3,0,2007
2309,0,0,244,0,0,0,0,0,0,0,2006
2310,0,0,247,0,0,0,0,0,0,0,2015
2311,0,0,247,0,0,0,0,0,0,0,2014
2312,0,0,247,0,0,0,0,0,0,0,2013
2313,0,0,247,0,0,0,1,0,0,0,2012
2314,0,0,247,0,0,0,0,0,0,0,2011
2315,0,0,247,1,0,0,0,0,0,0,2010
2316,0,0,247,0,0,0,0,0,0,0,2009
2317,0,0,247,1,0,0,0,0,0,0,2008
2318,0,0,247,0,0,0,0,0,0,0,2007
2319,0,0,247,0,0,0,0,0,0,0,2006
2320,0,0,254,0,0,0,0,0,0,0,2015
2321,0,0,254,0,0,0,0,0,0,0,2014
2322,0,0,254,0,0,0,0,0,0,0,2013
2323,0,0,254,0,0,0,0,0,0,0,2012
2324,0,0,254,0,0,0,0,0,0,0,2011
2325,0,0,254,0,0,0,0,0,0,0,2010
2326,0,0,254,0,0,0,3,0,0,0,2009
2327,0,0,254,0,0,0,0,0,0,0,2008
2328,0,0,254,0,0,0,0,0,0,0,2007
2329,0,0,254,0,0,0,0,0,0,0,2006
2330,0,0,177,0,0,0,0,0,0,0,2015
2331,0,0,177,0,0,0,0,0,0,0,2014
2332,0,0,177,0,0,0,0,0,0,0,2013
2333,0,0,177,0,0,0,0,0,0,0,2012
2334,0,0,177,1,0,0,0,0,0,0,2011
2335,0,0,177,1,0,0,0,0,0,0,2010
2336,0,0,177,0,0,0,0,0,0,0,2009
2337,0,0,177,0,0,0,0,0,0,0,2008
2338,0,0,177,0,0,0,0,0,0,0,2007
2339,0,0,177,1,0,0,0,0,0,0,2006
2340,0,0,224,0,0,0,0,0,0,0,2015
2341,0,0,224,0,0,0,0,0,0,0,2014
2342,0,0,224,0,0,0,0,0,0,0,2013
2343,0,0,224,0,0,0,0,0,0,0,2012
2344,0,0,224,0,0,0,0,0,0,0,2011
2345,0,0,224,0,0,0,0,0,0,0,2010
2346,0,0,224,0,0,0,0,0,0,0,2009
2347,0,0,224,0,0,0,0,0,0,0,2008
2348,0,0,224,0,0,0,0,0,0,0,2007
2349,0,0,224,0,0,0,0,0,0,0,2006
2350,0,0,164,0,0,0,0,0,0,0,2015
2351,0,0,164,0,0,0,0,0,0,0,2014
2352,0,0,164,0,0,0,0,0,0,0,2013
2353,0,0,164,0,0,0,0,0,0,0,2012
2354,0,0,164,0,0,0,0,0,0,0,2011
2355,0,0,164,1,0,0,0,0,0,0,2010
2356,0,0,164,0,0,0,0,0,0,0,2009
2357,0,0,164,0,0,0,0,0,0,0,2008
2358,0,0,164,0,0,0,0,0,0,0,2007
2359,0,0,164,0,0,0,0,0,0,0,2006
2360,0,0,179,0,0,0,0,0,0,0,2015
2361,0,0,179,0,0,0,0,0,0,0,2014
2362,0,0,179,0,0,0,0,0,0,0,2013
2363,0,0,179,0,0,0,0,0,0,0,2012
2364,0,0,179,0,0,0,0,0,0,0,2011
2365,0,0,179,0,0,0,0,0,0,0,2010
2366,0,0,179,0,0,0,0,0,0,0,2009
2367,0,0,179,0,0,0,0,0,0,0,2008
2368,0,0,179,0,0,0,0,0,0,0,2007
2369,0,0,179,0,0,0,0,0,0,0,2006
2370,0,0,215,0,0,0,0,0,0,0,2015
2371,0,0,215,0,0,0,0,0,0,0,2014
2372,0,0,215,0,0,0,0,0,0,0,2013
2373,0,0,215,0,0,0,0,0,0,0,2012
2374,0,0,215,0,0,0,0,0,0,0,2011
2375,0,0,215,0,0,0,0,0,0,0,2010
2376,0,0,215,0,0,0,0,0,0,0,2009
2377,0,0,215,0,0,0,0,0,0,0,2008
2378,0,0,215,0,0,0,0,0,0,0,2007
2379,0,0,215,0,0,0,0,0,0,0,2006
2380,0,0,225,0,0,0,0,0,0,0,2015
2381,0,0,225,0,0,0,0,0,0,0,2014
2382,0,0,225,0,0,0,0,0,0,0,2013
2383,0,0,225,0,0,0,0,0,0,0,2012
2384,0,0,225,0,0,0,0,0,0,0,2011
2385,0,0,225,0,0,0,1,0,0,0,2010
2386,0,0,225,0,0,0,0,0,0,0,2009
2387,0,0,225,0,0,0,1,0,0,0,2008
2388,0,0,225,0,0,0,0,0,0,0,2007
2389,0,0,225,1,0,0,0,0,0,0,2006
2390,0,0,132,0,0,0,0,0,0,0,2015
2391,0,0,132,0,0,0,0,0,0,0,2014
2392,0,0,132,0,0,0,0,0,0,0,2013
2393,0,0,132,0,0,0,0,0,0,0,2012
2394,0,0,132,0,0,0,0,0,0,0,2011
2395,0,0,132,0,0,0,0,0,0,0,2010
2396,0,0,132,1,0,0,0,0,0,0,2009
2397,0,0,132,0,0,0,0,0,0,0,2008
2398,0,0,132,0,0,0,0,0,0,0,2007
2399,0,0,132,0,0,0,0,0,0,0,2006
2400,0,0,190,0,0,0,0,0,0,0,2015
2401,0,0,190,0,0,0,0,0,0,0,2014
2402,0,0,190,0,0,0,0,0,0,0,2013
2403,0,0,190,0,0,0,0,0,0,0,2012
2404,0,0,190,0,0,0,0,0,0,0,2011
2405,0,0,190,0,0,0,0,0,0,0,2010
2406,0,0,190,0,0,0,0,0,0,0,2009
2407,0,0,190,0,0,0,3,0,0,0,2008
2408,0,0,190,0,0,0,0,0,0,0,2007
2409,0,0,190,0,0,0,0,0,0,0,2006
2410,0,0,218,0,0,0,0,0,0,0,2015
2411,0,0,218,0,0,0,0,0,0,0,2014
2412,0,0,218,0,0,0,0,0,0,0,2013
2413,0,0,218,0,0,0,0,0,0,0,2012
2414,0,0,218,0,0,0,0,0,0,0,2011
2415,0,0,218,0,0,0,0,0,0,0,2010
2416,0,0,218,0,0,0,0,0,0,0,2009
2417,0,0,218,0,0,0,0,0,1,0,2008
2418,0,0,218,0,0,0,0,0,0,0,2007
2419,0,0,218,0,0,0,0,0,0,0,2006
2420,0,0,222,0,0,0,0,0,0,0,2015
2421,0,0,222,0,0,0,0,0,0,0,2014
2422,0,0,222,0,0,0,0,0,0,0,2013
2423,0,0,222,0,0,0,0,0,0,0,2012
2424,0,0,222,0,0,0,0,0,0,0,2011
2425,0,0,222,0,0,0,0,0,0,0,2010
2426,0,0,222,0,0,0,0,0,0,0,2009
2427,0,0,222,0,0,0,0,0,0,0,2008
2428,0,0,222,0,0,0,0,0,0,0,2007
2429,0,0,222,0,0,0,0,0,0,0,2006
2430,0,0,231,0,0,0,0,0,0,0,2015
2431,0,0,231,0,0,0,0,0,0,0,2014
2432,0,0,231,0,0,0,0,0,0,0,2013
2433,0,0,231,0,0,0,0,0,0,0,2012
2434,0,0,231,0,0,0,0,0,0,0,2011
2435,0,0,231,0,0,0,0,0,0,0,2010
2436,0,0,231,0,0,0,0,0,0,0,2009
2437,0,0,231,0,0,0,0,0,0,0,2008
2438,0,0,231,0,0,0,0,0,0,0,2007
2439,0,0,231,0,0,0,1,0,0,0,2006
